,painting_index,img_src,painting_title,season,episode,num_colors,youtube_src,colors,color_hex,Black_Gesso,Bright_Red,Burnt_Umber,Cadmium_Yellow,Dark_Sienna,Indian_Red,Indian_Yellow,Liquid_Black,Liquid_Clear,Midnight_Black,Phthalo_Blue,Phthalo_Green,Prussian_Blue,Sap_Green,Titanium_White,Van_Dyke_Brown,Yellow_Ochre,Alizarin_Crimson,episodeDate,subjectMatter
"1","282","https://www.twoinchbrush.com/images/painting282.png","A Walk in the Woods","1","1","8","https://www.youtube.com/embed/oh5p5f5_-7A","["Alizarin Crimson", "Bright Red", "Cadmium Yellow", "Phthalo Green", "Prussian Blue", "Sap Green", "Titanium White", "Van Dyke Brown"]","["#4E1500", "#DB0000", "#FFEC00", "#102E3C", "#021E44", "#0A3410", "#FFFFFF", "#221B15"]","0","1","0","1","0","0","0","0","0","0","0","1","1","1","1","1","0","1","1983-01-11","[object Object]"
"3","284","https://www.twoinchbrush.com/images/painting284.png","Ebony Sunset","1","3","9","https://www.youtube.com/embed/UOziR7PoVco","["Alizarin Crimson", "Black Gesso", "Bright Red", "Cadmium Yellow", "Phthalo Green", "Prussian Blue", "Sap Green", "Titanium White", "Van Dyke Brown"]","["#4E1500", "#000000", "#DB0000", "#FFEC00", "#102E3C", "#021E44", "#0A3410", "#FFFFFF", "#221B15"]","1","1","0","1","0","0","0","0","0","0","0","1","1","1","1","1","0","1","1983-01-18","[object Object]"
"4","285","https://www.twoinchbrush.com/images/painting285.png","Winter Mist","1","4","3","https://www.youtube.com/embed/0pwoixRikn4","["Prussian Blue", "Titanium White", "Van Dyke Brown"]","["#021E44", "#FFFFFF", "#221B15"]","0","0","0","0","0","0","0","0","0","0","0","0","1","0","1","1","0","0","1983-01-25","[object Object]"
"6","287","https://www.twoinchbrush.com/images/painting287.png","Winter Moon","1","6","4","https://www.youtube.com/embed/loAzRUzx1wI","["Black Gesso", "Prussian Blue", "Titanium White", "Van Dyke Brown"]","["#000000", "#021E44", "#FFFFFF", "#221B15"]","1","0","0","0","0","0","0","0","0","0","0","0","1","0","1","1","0","0","1983-02-08","[object Object]"
"12","293","https://www.twoinchbrush.com/images/painting293.png","Snow Fall","1","12","4","https://www.youtube.com/embed/4E35-8x_y04","["Alizarin Crimson", "Prussian Blue", "Titanium White", "Van Dyke Brown"]","["#4E1500", "#021E44", "#FFFFFF", "#221B15"]","0","0","0","0","0","0","0","0","0","0","0","0","1","0","1","1","0","1","","[object Object]"
"14","269","https://www.twoinchbrush.com/images/painting269.png","Meadow Lake","2","1","12","https://www.youtube.com/embed/GARWowi0QXI","["Alizarin Crimson", "Bright Red", "Burnt Umber", "Cadmium Yellow", "Indian Yellow", "Phthalo Blue", "Phthalo Green", "Prussian Blue", "Sap Green", "Titanium White", "Van Dyke Brown", "Yellow Ochre"]","["#4E1500", "#DB0000", "#8A3324", "#FFEC00", "#FFB800", "#0C0040", "#102E3C", "#021E44", "#0A3410", "#FFFFFF", "#221B15", "#C79B00"]","0","1","1","1","0","0","1","0","0","0","1","1","1","1","1","1","1","1","1983-08-31","[object Object]"
"16","271","https://www.twoinchbrush.com/images/painting271.png","Ebony Sea","2","3","13","https://www.youtube.com/embed/aOJsKNzO3i8","["Alizarin Crimson", "Black Gesso", "Bright Red", "Burnt Umber", "Cadmium Yellow", "Indian Yellow", "Phthalo Blue", "Phthalo Green", "Prussian Blue", "Sap Green", "Titanium White", "Van Dyke Brown", "Yellow Ochre"]","["#4E1500", "#000000", "#DB0000", "#8A3324", "#FFEC00", "#FFB800", "#0C0040", "#102E3C", "#021E44", "#0A3410", "#FFFFFF", "#221B15", "#C79B00"]","1","1","1","1","0","0","1","0","0","0","1","1","1","1","1","1","1","1","1983-09-14","[object Object]"
"18","273","https://www.twoinchbrush.com/images/painting273.png","Autumn Splendor","2","5","11","https://www.youtube.com/embed/rTTWw5Gd79I","["Alizarin Crimson", "Bright Red", "Burnt Umber", "Cadmium Yellow", "Phthalo Blue", "Phthalo Green", "Prussian Blue", "Sap Green", "Titanium White", "Van Dyke Brown", "Yellow Ochre"]","["#4E1500", "#DB0000", "#8A3324", "#FFEC00", "#0C0040", "#102E3C", "#021E44", "#0A3410", "#FFFFFF", "#221B15", "#C79B00"]","0","1","1","1","0","0","0","0","0","0","1","1","1","1","1","1","1","1","1983-09-28","[object Object]"
"22","277","https://www.twoinchbrush.com/images/painting277.png","Black and White Seascape","2","9","12","https://www.youtube.com/embed/PMDyPrE0puo","["Alizarin Crimson", "Black Gesso", "Bright Red", "Cadmium Yellow", "Indian Yellow", "Phthalo Blue", "Phthalo Green", "Prussian Blue", "Sap Green", "Titanium White", "Van Dyke Brown", "Yellow Ochre"]","["#4E1500", "#000000", "#DB0000", "#FFEC00", "#FFB800", "#0C0040", "#102E3C", "#021E44", "#0A3410", "#FFFFFF", "#221B15", "#C79B00"]","1","1","0","1","0","0","1","0","0","0","1","1","1","1","1","1","1","1","","[object Object]"
"24","279","https://www.twoinchbrush.com/images/painting279.png","Black Waterfall","2","11","12","https://www.youtube.com/embed/GzSqjyQUPZQ","["Alizarin Crimson", "Black Gesso", "Burnt Umber", "Cadmium Yellow", "Indian Yellow", "Phthalo Blue", "Phthalo Green", "Prussian Blue", "Sap Green", "Titanium White", "Van Dyke Brown", "Yellow Ochre"]","["#4E1500", "#000000", "#8A3324", "#FFEC00", "#FFB800", "#0C0040", "#102E3C", "#021E44", "#0A3410", "#FFFFFF", "#221B15", "#C79B00"]","1","0","1","1","0","0","1","0","0","0","1","1","1","1","1","1","1","1","1983-11-09","[object Object]"
"30","259","https://www.twoinchbrush.com/images/painting259.png","Winter Night","3","4","7","https://www.youtube.com/embed/8ysFkNYwhAE","["Alizarin Crimson", "Bright Red", "Cadmium Yellow", "Liquid Black", "Phthalo Green", "Titanium White", "Van Dyke Brown"]","["#4E1500", "#DB0000", "#FFEC00", "#000000", "#102E3C", "#FFFFFF", "#221B15"]","0","1","0","1","0","0","0","1","0","0","0","1","0","0","1","1","0","1","1984-01-25","[object Object]"
"31","260","https://www.twoinchbrush.com/images/painting260.png","Distant Hills","3","5","7","https://www.youtube.com/embed/8Zge88tVwjE","["Alizarin Crimson", "Burnt Umber", "Cadmium Yellow", "Sap Green", "Titanium White", "Van Dyke Brown", "Yellow Ochre"]","["#4E1500", "#8A3324", "#FFEC00", "#0A3410", "#FFFFFF", "#221B15", "#C79B00"]","0","0","1","1","0","0","0","0","0","0","0","0","0","1","1","1","1","1","1984-02-01","[object Object]"
"32","261","https://www.twoinchbrush.com/images/painting261.png","Covered Bridge","3","6","10","https://www.youtube.com/embed/OHSm8kLE7js","["Alizarin Crimson", "Bright Red", "Burnt Umber", "Cadmium Yellow", "Midnight Black", "Prussian Blue", "Sap Green", "Titanium White", "Van Dyke Brown", "Yellow Ochre"]","["#4E1500", "#DB0000", "#8A3324", "#FFEC00", "#000000", "#021E44", "#0A3410", "#FFFFFF", "#221B15", "#C79B00"]","0","1","1","1","0","0","0","0","0","1","0","0","1","1","1","1","1","1","1984-02-08","[object Object]"
"33","262","https://www.twoinchbrush.com/images/painting262.png","Quiet Inlet","3","7","10","https://www.youtube.com/embed/9N5IWKzYIyU","["Alizarin Crimson", "Burnt Umber", "Cadmium Yellow", "Phthalo Blue", "Phthalo Green", "Prussian Blue", "Sap Green", "Titanium White", "Van Dyke Brown", "Yellow Ochre"]","["#4E1500", "#8A3324", "#FFEC00", "#0C0040", "#102E3C", "#021E44", "#0A3410", "#FFFFFF", "#221B15", "#C79B00"]","0","0","1","1","0","0","0","0","0","0","1","1","1","1","1","1","1","1","1984-02-15","[object Object]"
"34","263","https://www.twoinchbrush.com/images/painting263.png","Night Light","3","8","9","https://www.youtube.com/embed/l141Y0x8om0","["Alizarin Crimson", "Black Gesso", "Burnt Umber", "Cadmium Yellow", "Phthalo Green", "Sap Green", "Titanium White", "Van Dyke Brown", "Yellow Ochre"]","["#4E1500", "#000000", "#8A3324", "#FFEC00", "#102E3C", "#0A3410", "#FFFFFF", "#221B15", "#C79B00"]","1","0","1","1","0","0","0","0","0","0","0","1","0","1","1","1","1","1","1984-02-22","[object Object]"
"35","264","https://www.twoinchbrush.com/images/painting264.png","The Old Mill","3","9","10","https://www.youtube.com/embed/OFKFUJ9eDNs","["Alizarin Crimson", "Bright Red", "Burnt Umber", "Cadmium Yellow", "Phthalo Blue", "Prussian Blue", "Sap Green", "Titanium White", "Van Dyke Brown", "Yellow Ochre"]","["#4E1500", "#DB0000", "#8A3324", "#FFEC00", "#0C0040", "#021E44", "#0A3410", "#FFFFFF", "#221B15", "#C79B00"]","0","1","1","1","0","0","0","0","0","0","1","0","1","1","1","1","1","1","1984-03-01","[object Object]"
"36","265","https://www.twoinchbrush.com/images/painting265.png","Campfire","3","10","8","https://www.youtube.com/embed/L5bXkI0-pEg","["Alizarin Crimson", "Black Gesso", "Bright Red", "Burnt Umber", "Cadmium Yellow", "Indian Yellow", "Van Dyke Brown", "Yellow Ochre"]","["#4E1500", "#000000", "#DB0000", "#8A3324", "#FFEC00", "#FFB800", "#221B15", "#C79B00"]","1","1","1","1","0","0","1","0","0","0","0","0","0","0","0","1","1","1","1984-03-08","[object Object]"
"39","268","https://www.twoinchbrush.com/images/painting268.png","Peaceful Waters","3","13","9","https://www.youtube.com/embed/Z0vtjRLqXcQ","["Alizarin Crimson", "Cadmium Yellow", "Phthalo Blue", "Phthalo Green", "Prussian Blue", "Sap Green", "Titanium White", "Van Dyke Brown", "Yellow Ochre"]","["#4E1500", "#FFEC00", "#0C0040", "#102E3C", "#021E44", "#0A3410", "#FFFFFF", "#221B15", "#C79B00"]","0","0","0","1","0","0","0","0","0","0","1","1","1","1","1","1","1","1","1984-03-29","[object Object]"
"40","243","https://www.twoinchbrush.com/images/painting243.png","Purple Splendor","4","1","4","https://www.youtube.com/embed/hP4GfMgsNVE","["Alizarin Crimson", "Phthalo Blue", "Titanium White", "Van Dyke Brown"]","["#4E1500", "#0C0040", "#FFFFFF", "#221B15"]","0","0","0","0","0","0","0","0","0","0","1","0","0","0","1","1","0","1","1984-09-05","[object Object]"
"41","244","https://www.twoinchbrush.com/images/painting244.png","Tranquil Valley","4","2","10","https://www.youtube.com/embed/PbchoOWWCZs","["Alizarin Crimson", "Bright Red", "Burnt Umber", "Cadmium Yellow", "Indian Yellow", "Phthalo Blue", "Sap Green", "Titanium White", "Van Dyke Brown", "Yellow Ochre"]","["#4E1500", "#DB0000", "#8A3324", "#FFEC00", "#FFB800", "#0C0040", "#0A3410", "#FFFFFF", "#221B15", "#C79B00"]","0","1","1","1","0","0","1","0","0","0","1","0","0","1","1","1","1","1","1984-09-12","[object Object]"
"43","246","https://www.twoinchbrush.com/images/painting246.png","Winter Sawscape","4","4","7","https://www.youtube.com/embed/lmKAwKrONmE","["Black Gesso", "Bright Red", "Burnt Umber", "Cadmium Yellow", "Midnight Black", "Prussian Blue", "Titanium White"]","["#000000", "#DB0000", "#8A3324", "#FFEC00", "#000000", "#021E44", "#FFFFFF"]","1","1","1","1","0","0","0","0","0","1","0","0","1","0","1","0","0","0","1984-09-26","[object Object]"
"44","247","https://www.twoinchbrush.com/images/painting247.png","Evening Seascape","4","5","10","https://www.youtube.com/embed/y5k4GXw_-yI","["Alizarin Crimson", "Black Gesso", "Bright Red", "Burnt Umber", "Cadmium Yellow", "Phthalo Blue", "Phthalo Green", "Prussian Blue", "Titanium White", "Van Dyke Brown"]","["#4E1500", "#000000", "#DB0000", "#8A3324", "#FFEC00", "#0C0040", "#102E3C", "#021E44", "#FFFFFF", "#221B15"]","1","1","1","1","0","0","0","0","0","0","1","1","1","0","1","1","0","1","1984-10-03","[object Object]"
"45","248","https://www.twoinchbrush.com/images/painting248.png","Warm Summer Day","4","6","11","https://www.youtube.com/embed/GBN9AIw3Ao4","["Alizarin Crimson", "Bright Red", "Burnt Umber", "Cadmium Yellow", "Indian Yellow", "Phthalo Blue", "Prussian Blue", "Sap Green", "Titanium White", "Van Dyke Brown", "Yellow Ochre"]","["#4E1500", "#DB0000", "#8A3324", "#FFEC00", "#FFB800", "#0C0040", "#021E44", "#0A3410", "#FFFFFF", "#221B15", "#C79B00"]","0","1","1","1","0","0","1","0","0","0","1","0","1","1","1","1","1","1","1984-10-10","[object Object]"
"46","249","https://www.twoinchbrush.com/images/painting249.png","Cabin in the Woods","4","7","11","https://www.youtube.com/embed/81QKellPA70","["Alizarin Crimson", "Bright Red", "Burnt Umber", "Cadmium Yellow", "Indian Yellow", "Phthalo Blue", "Phthalo Green", "Sap Green", "Titanium White", "Van Dyke Brown", "Yellow Ochre"]","["#4E1500", "#DB0000", "#8A3324", "#FFEC00", "#FFB800", "#0C0040", "#102E3C", "#0A3410", "#FFFFFF", "#221B15", "#C79B00"]","0","1","1","1","0","0","1","0","0","0","1","1","0","1","1","1","1","1","1984-10-17","[object Object]"
"47","250","https://www.twoinchbrush.com/images/painting250.png","Wetlands","4","8","10","https://www.youtube.com/embed/2FpVyGanPwM","["Alizarin Crimson", "Bright Red", "Burnt Umber", "Cadmium Yellow", "Indian Yellow", "Prussian Blue", "Sap Green", "Titanium White", "Van Dyke Brown", "Yellow Ochre"]","["#4E1500", "#DB0000", "#8A3324", "#FFEC00", "#FFB800", "#021E44", "#0A3410", "#FFFFFF", "#221B15", "#C79B00"]","0","1","1","1","0","0","1","0","0","0","0","0","1","1","1","1","1","1","1984-10-24","[object Object]"
"50","253","https://www.twoinchbrush.com/images/painting253.png","Northwest Majesty","4","11","10","https://www.youtube.com/embed/9DU6bunvD_g","["Alizarin Crimson", "Bright Red", "Burnt Umber", "Cadmium Yellow", "Indian Yellow", "Liquid Black", "Prussian Blue", "Sap Green", "Titanium White", "Van Dyke Brown"]","["#4E1500", "#DB0000", "#8A3324", "#FFEC00", "#FFB800", "#000000", "#021E44", "#0A3410", "#FFFFFF", "#221B15"]","0","1","1","1","0","0","1","1","0","0","0","0","1","1","1","1","0","1","1984-11-14","[object Object]"
"52","255","https://www.twoinchbrush.com/images/painting255.png","Mountain Challenge","4","13","10","https://www.youtube.com/embed/o2cjLA_wgIk","["Alizarin Crimson", "Cadmium Yellow", "Indian Yellow", "Phthalo Blue", "Phthalo Green", "Prussian Blue", "Sap Green", "Titanium White", "Van Dyke Brown", "Yellow Ochre"]","["#4E1500", "#FFEC00", "#FFB800", "#0C0040", "#102E3C", "#021E44", "#0A3410", "#FFFFFF", "#221B15", "#C79B00"]","0","0","0","1","0","0","1","0","0","0","1","1","1","1","1","1","1","1","1984-11-28","[object Object]"
"54","231","https://www.twoinchbrush.com/images/painting231.png","Twilight Meadow","5","2","12","https://www.youtube.com/embed/6evqNlOO7Bw","["Alizarin Crimson", "Black Gesso", "Bright Red", "Burnt Umber", "Cadmium Yellow", "Indian Yellow", "Phthalo Blue", "Phthalo Green", "Sap Green", "Titanium White", "Van Dyke Brown", "Yellow Ochre"]","["#4E1500", "#000000", "#DB0000", "#8A3324", "#FFEC00", "#FFB800", "#0C0040", "#102E3C", "#0A3410", "#FFFFFF", "#221B15", "#C79B00"]","1","1","1","1","0","0","1","0","0","0","1","1","0","1","1","1","1","1","1985-01-09","[object Object]"
"55","232","https://www.twoinchbrush.com/images/painting232.png","Mountain Blossoms","5","3","5","https://www.youtube.com/embed/UVhhStJAJZc","["Alizarin Crimson", "Liquid Black", "Phthalo Blue", "Phthalo Green", "Titanium White"]","["#4E1500", "#000000", "#0C0040", "#102E3C", "#FFFFFF"]","0","0","0","0","0","0","0","1","0","0","1","1","0","0","1","0","0","1","1985-01-16","[object Object]"
"56","233","https://www.twoinchbrush.com/images/painting233.png","Winter Stillness","5","4","7","https://www.youtube.com/embed/qg9c1SqdRko","["Alizarin Crimson", "Burnt Umber", "Indian Yellow", "Phthalo Blue", "Sap Green", "Titanium White", "Van Dyke Brown"]","["#4E1500", "#8A3324", "#FFB800", "#0C0040", "#0A3410", "#FFFFFF", "#221B15"]","0","0","1","0","0","0","1","0","0","0","1","0","0","1","1","1","0","1","1985-01-23","[object Object]"
"58","235","https://www.twoinchbrush.com/images/painting235.png","Ocean Sunrise","5","6","6","https://www.youtube.com/embed/u0Bz6TNUK1Q","["Alizarin Crimson", "Indian Yellow", "Liquid Black", "Prussian Blue", "Titanium White", "Van Dyke Brown"]","["#4E1500", "#FFB800", "#000000", "#021E44", "#FFFFFF", "#221B15"]","0","0","0","0","0","0","1","1","0","0","0","0","1","0","1","1","0","1","","[object Object]"
"60","237","https://www.twoinchbrush.com/images/painting237.png","Arizona Splendor","5","8","9","https://www.youtube.com/embed/spFwCh2616s","["Alizarin Crimson", "Burnt Umber", "Cadmium Yellow", "Indian Yellow", "Phthalo Blue", "Sap Green", "Titanium White", "Van Dyke Brown", "Yellow Ochre"]","["#4E1500", "#8A3324", "#FFEC00", "#FFB800", "#0C0040", "#0A3410", "#FFFFFF", "#221B15", "#C79B00"]","0","0","1","1","0","0","1","0","0","0","1","0","0","1","1","1","1","1","1985-02-20","[object Object]"
"61","238","https://www.twoinchbrush.com/images/painting238.png","Anatomy of a Wave","5","9","6","https://www.youtube.com/embed/DFQlu6eqrBo","["Alizarin Crimson", "Cadmium Yellow", "Liquid Clear", "Phthalo Blue", "Phthalo Green", "Titanium White"]","["#4E1500", "#FFEC00", "#FFFFFF", "#0C0040", "#102E3C", "#FFFFFF"]","0","0","0","1","0","0","0","0","1","0","1","1","0","0","1","0","0","1","","[object Object]"
"62","239","https://www.twoinchbrush.com/images/painting239.png","The Windmill","5","10","11","https://www.youtube.com/embed/xj8xsTSkbUk","["Alizarin Crimson", "Black Gesso", "Bright Red", "Burnt Umber", "Phthalo Blue", "Phthalo Green", "Prussian Blue", "Sap Green", "Titanium White", "Van Dyke Brown", "Yellow Ochre"]","["#4E1500", "#000000", "#DB0000", "#8A3324", "#0C0040", "#102E3C", "#021E44", "#0A3410", "#FFFFFF", "#221B15", "#C79B00"]","1","1","1","0","0","0","0","0","0","0","1","1","1","1","1","1","1","1","1985-03-06","[object Object]"
"63","240","https://www.twoinchbrush.com/images/painting240.png","Autumn Glory","5","11","8","https://www.youtube.com/embed/yTzlm_t0RmY","["Alizarin Crimson", "Burnt Umber", "Cadmium Yellow", "Indian Yellow", "Prussian Blue", "Sap Green", "Titanium White", "Van Dyke Brown"]","["#4E1500", "#8A3324", "#FFEC00", "#FFB800", "#021E44", "#0A3410", "#FFFFFF", "#221B15"]","0","0","1","1","0","0","1","0","0","0","0","0","1","1","1","1","0","1","1985-03-13","[object Object]"
"64","241","https://www.twoinchbrush.com/images/painting241.png","Indian Girl","5","12","5","https://www.youtube.com/embed/2uXMx8Kjs8I","["Bright Red", "Burnt Umber", "Indian Yellow", "Prussian Blue", "Titanium White"]","["#DB0000", "#8A3324", "#FFB800", "#021E44", "#FFFFFF"]","0","1","1","0","0","0","1","0","0","0","0","0","1","0","1","0","0","0","1985-03-20","[object Object]"
"66","217","https://www.twoinchbrush.com/images/painting217.png","Blue River","6","1","12","https://www.youtube.com/embed/LygUyAb78oY","["Alizarin Crimson", "Black Gesso", "Bright Red", "Burnt Umber", "Cadmium Yellow", "Indian Yellow", "Phthalo Blue", "Prussian Blue", "Sap Green", "Titanium White", "Van Dyke Brown", "Yellow Ochre"]","["#4E1500", "#000000", "#DB0000", "#8A3324", "#FFEC00", "#FFB800", "#0C0040", "#021E44", "#0A3410", "#FFFFFF", "#221B15", "#C79B00"]","1","1","1","1","0","0","1","0","0","0","1","0","1","1","1","1","1","1","1985-05-01","[object Object]"
"71","222","https://www.twoinchbrush.com/images/painting222.png","Snow Trail","6","6","8","https://www.youtube.com/embed/n9EsFFtwZnE","["Alizarin Crimson", "Burnt Umber", "Cadmium Yellow", "Phthalo Blue", "Phthalo Green", "Titanium White", "Van Dyke Brown", "Yellow Ochre"]","["#4E1500", "#8A3324", "#FFEC00", "#0C0040", "#102E3C", "#FFFFFF", "#221B15", "#C79B00"]","0","0","1","1","0","0","0","0","0","0","1","1","0","0","1","1","1","1","1985-06-05","[object Object]"
"73","224","https://www.twoinchbrush.com/images/painting224.png","Horizons West","6","8","7","https://www.youtube.com/embed/m6UM-rN2D6s","["Alizarin Crimson", "Bright Red", "Cadmium Yellow", "Indian Yellow", "Prussian Blue", "Titanium White", "Van Dyke Brown"]","["#4E1500", "#DB0000", "#FFEC00", "#FFB800", "#021E44", "#FFFFFF", "#221B15"]","0","1","0","1","0","0","1","0","0","0","0","0","1","0","1","1","0","1","1985-06-19","[object Object]"
"77","228","https://www.twoinchbrush.com/images/painting228.png","Marshlands","6","12","11","https://www.youtube.com/embed/Ugiwi8uizpg","["Alizarin Crimson", "Black Gesso", "Bright Red", "Burnt Umber", "Cadmium Yellow", "Indian Yellow", "Phthalo Blue", "Sap Green", "Titanium White", "Van Dyke Brown", "Yellow Ochre"]","["#4E1500", "#000000", "#DB0000", "#8A3324", "#FFEC00", "#FFB800", "#0C0040", "#0A3410", "#FFFFFF", "#221B15", "#C79B00"]","1","1","1","1","0","0","1","0","0","0","1","0","0","1","1","1","1","1","1985-07-16","[object Object]"
"79","203","https://www.twoinchbrush.com/images/painting203.png","Winter Cabin","7","1","6","https://www.youtube.com/embed/kdlHV6ceI_gw","["Bright Red", "Dark Sienna", "Prussian Blue", "Titanium White", "Van Dyke Brown", "Yellow Ochre"]","["#DB0000", "#5F2E1F", "#021E44", "#FFFFFF", "#221B15", "#C79B00"]","0","1","0","0","1","0","0","0","0","0","0","0","1","0","1","1","1","0","1985-10-02","[object Object]"
"80","204","https://www.twoinchbrush.com/images/painting204.png","Secluded Lake","7","2","12","https://www.youtube.com/embed/2OxSJcFvpoU","["Alizarin Crimson", "Bright Red", "Cadmium Yellow", "Dark Sienna", "Indian Yellow", "Midnight Black", "Phthalo Blue", "Phthalo Green", "Sap Green", "Titanium White", "Van Dyke Brown", "Yellow Ochre"]","["#4E1500", "#DB0000", "#FFEC00", "#5F2E1F", "#FFB800", "#000000", "#0C0040", "#102E3C", "#0A3410", "#FFFFFF", "#221B15", "#C79B00"]","0","1","0","1","1","0","1","0","0","1","1","1","0","1","1","1","1","1","1985-10-09","[object Object]"
"81","205","https://www.twoinchbrush.com/images/painting205.png","Evergreens at Sunset","7","3","7","https://www.youtube.com/embed/YQPEy3hYGo8","["Alizarin Crimson", "Bright Red", "Cadmium Yellow", "Indian Yellow", "Midnight Black", "Sap Green", "Titanium White"]","["#4E1500", "#DB0000", "#FFEC00", "#FFB800", "#000000", "#0A3410", "#FFFFFF"]","0","1","0","1","0","0","1","0","0","1","0","0","0","1","1","0","0","1","","[object Object]"
"83","208","https://www.twoinchbrush.com/images/painting208.png","Portrait of Sally","7","5","8","https://www.youtube.com/embed/MHJB0IBnuD4","["Alizarin Crimson", "Bright Red", "Cadmium Yellow", "Dark Sienna", "Indian Yellow", "Phthalo Blue", "Titanium White", "Yellow Ochre"]","["#4E1500", "#DB0000", "#FFEC00", "#5F2E1F", "#FFB800", "#0C0040", "#FFFFFF", "#C79B00"]","0","1","0","1","1","0","1","0","0","0","1","0","0","0","1","0","1","1","1985-10-30","[object Object]"
"84","209","https://www.twoinchbrush.com/images/painting209.png","Misty Waterfall","7","6","11","https://www.youtube.com/embed/530_cVmexiI","["Alizarin Crimson", "Bright Red", "Dark Sienna", "Indian Yellow", "Midnight Black", "Phthalo Blue", "Phthalo Green", "Sap Green", "Titanium White", "Van Dyke Brown", "Yellow Ochre"]","["#4E1500", "#DB0000", "#5F2E1F", "#FFB800", "#000000", "#0C0040", "#102E3C", "#0A3410", "#FFFFFF", "#221B15", "#C79B00"]","0","1","0","0","1","0","1","0","0","1","1","1","0","1","1","1","1","1","1985-11-06","[object Object]"
"85","210","https://www.twoinchbrush.com/images/painting210.png","Barn at Sunset","7","7","10","https://www.youtube.com/embed/WT6n0K2zGnA","["Alizarin Crimson", "Bright Red", "Cadmium Yellow", "Dark Sienna", "Indian Yellow", "Midnight Black", "Phthalo Blue", "Titanium White", "Van Dyke Brown", "Yellow Ochre"]","["#4E1500", "#DB0000", "#FFEC00", "#5F2E1F", "#FFB800", "#000000", "#0C0040", "#FFFFFF", "#221B15", "#C79B00"]","0","1","0","1","1","0","1","0","0","1","1","0","0","0","1","1","1","1","1985-11-13","[object Object]"
"86","211","https://www.twoinchbrush.com/images/painting211.png","Mountain Splendor","7","8","11","https://www.youtube.com/embed/GhOGZMpPUSE","["Alizarin Crimson", "Bright Red", "Cadmium Yellow", "Dark Sienna", "Indian Yellow", "Midnight Black", "Prussian Blue", "Sap Green", "Titanium White", "Van Dyke Brown", "Yellow Ochre"]","["#4E1500", "#DB0000", "#FFEC00", "#5F2E1F", "#FFB800", "#000000", "#021E44", "#0A3410", "#FFFFFF", "#221B15", "#C79B00"]","0","1","0","1","1","0","1","0","0","1","0","0","1","1","1","1","1","1","1985-11-20","[object Object]"
"87","212","https://www.twoinchbrush.com/images/painting212.png","Lake by Mountain","7","9","11","https://www.youtube.com/embed/yAiYirlcq7o","["Alizarin Crimson", "Bright Red", "Cadmium Yellow", "Indian Yellow", "Phthalo Blue", "Phthalo Green", "Prussian Blue", "Sap Green", "Titanium White", "Van Dyke Brown", "Yellow Ochre"]","["#4E1500", "#DB0000", "#FFEC00", "#FFB800", "#0C0040", "#102E3C", "#021E44", "#0A3410", "#FFFFFF", "#221B15", "#C79B00"]","0","1","0","1","0","0","1","0","0","0","1","1","1","1","1","1","1","1","1985-11-27","[object Object]"
"88","213","https://www.twoinchbrush.com/images/painting213.png","Mountain Glory","7","10","11","https://www.youtube.com/embed/0M9pwLHRR2c","["Bright Red", "Cadmium Yellow", "Dark Sienna", "Indian Yellow", "Midnight Black", "Phthalo Blue", "Prussian Blue", "Sap Green", "Titanium White", "Van Dyke Brown", "Yellow Ochre"]","["#DB0000", "#FFEC00", "#5F2E1F", "#FFB800", "#000000", "#0C0040", "#021E44", "#0A3410", "#FFFFFF", "#221B15", "#C79B00"]","0","1","0","1","1","0","1","0","0","1","1","0","1","1","1","1","1","0","1985-12-06","[object Object]"
"89","214","https://www.twoinchbrush.com/images/painting214.png","Grey Winter","7","11","3","https://www.youtube.com/embed/sS-hNYgDUak","["Alizarin Crimson", "Midnight Black", "Titanium White"]","["#4E1500", "#000000", "#FFFFFF"]","0","0","0","0","0","0","0","0","0","1","0","0","0","0","1","0","0","1","1985-12-13","[object Object]"
"90","215","https://www.twoinchbrush.com/images/painting215.png","Dock Scene","7","12","9","https://www.youtube.com/embed/4KYxkqlzyqM","["Bright Red", "Cadmium Yellow", "Dark Sienna", "Midnight Black", "Phthalo Blue", "Sap Green", "Titanium White", "Van Dyke Brown", "Yellow Ochre"]","["#DB0000", "#FFEC00", "#5F2E1F", "#000000", "#0C0040", "#0A3410", "#FFFFFF", "#221B15", "#C79B00"]","0","1","0","1","1","0","0","0","0","1","1","0","0","1","1","1","1","0","1985-12-20","[object Object]"
"91","216","https://www.twoinchbrush.com/images/painting216.png","Dark Waterfall","7","13","11","https://www.youtube.com/embed/VqMbL00eZqw","["Alizarin Crimson", "Bright Red", "Cadmium Yellow", "Dark Sienna", "Indian Yellow", "Liquid Black", "Phthalo Blue", "Sap Green", "Titanium White", "Van Dyke Brown", "Yellow Ochre"]","["#4E1500", "#DB0000", "#FFEC00", "#5F2E1F", "#FFB800", "#000000", "#0C0040", "#0A3410", "#FFFFFF", "#221B15", "#C79B00"]","0","1","0","1","1","0","1","1","0","0","1","0","0","1","1","1","1","1","1985-12-27","[object Object]"
"92","190","https://www.twoinchbrush.com/images/painting190.png","Misty Rolling Hills","8","1","10","https://www.youtube.com/embed/cC5ozePVKGI","["Alizarin Crimson", "Bright Red", "Cadmium Yellow", "Indian Yellow", "Midnight Black", "Phthalo Blue", "Sap Green", "Titanium White", "Van Dyke Brown", "Yellow Ochre"]","["#4E1500", "#DB0000", "#FFEC00", "#FFB800", "#000000", "#0C0040", "#0A3410", "#FFFFFF", "#221B15", "#C79B00"]","0","1","0","1","0","0","1","0","0","1","1","0","0","1","1","1","1","1","1986-01-02","[object Object]"
"99","197","https://www.twoinchbrush.com/images/painting197.png","Foot of the Mountain","8","8","13","https://www.youtube.com/embed/cIUBUc_ITBc","["Alizarin Crimson", "Bright Red", "Cadmium Yellow", "Dark Sienna", "Indian Yellow", "Midnight Black", "Phthalo Blue", "Phthalo Green", "Prussian Blue", "Sap Green", "Titanium White", "Van Dyke Brown", "Yellow Ochre"]","["#4E1500", "#DB0000", "#FFEC00", "#5F2E1F", "#FFB800", "#000000", "#0C0040", "#102E3C", "#021E44", "#0A3410", "#FFFFFF", "#221B15", "#C79B00"]","0","1","0","1","1","0","1","0","0","1","1","1","1","1","1","1","1","1","1986-02-20","[object Object]"
"101","199","https://www.twoinchbrush.com/images/painting199.png","Cactus at Sunset","8","10","10","https://www.youtube.com/embed/XBqD3QhKU24","["Alizarin Crimson", "Black Gesso", "Bright Red", "Cadmium Yellow", "Dark Sienna", "Indian Yellow", "Midnight Black", "Titanium White", "Van Dyke Brown", "Yellow Ochre"]","["#4E1500", "#000000", "#DB0000", "#FFEC00", "#5F2E1F", "#FFB800", "#000000", "#FFFFFF", "#221B15", "#C79B00"]","1","1","0","1","1","0","1","0","0","1","0","0","0","0","1","1","1","1","1986-03-06","[object Object]"
"102","200","https://www.twoinchbrush.com/images/painting200.png","Mountain Range","8","11","10","https://www.youtube.com/embed/V_l6olF3yHI","["Alizarin Crimson", "Bright Red", "Cadmium Yellow", "Indian Yellow", "Phthalo Blue", "Prussian Blue", "Sap Green", "Titanium White", "Van Dyke Brown", "Yellow Ochre"]","["#4E1500", "#DB0000", "#FFEC00", "#FFB800", "#0C0040", "#021E44", "#0A3410", "#FFFFFF", "#221B15", "#C79B00"]","0","1","0","1","0","0","1","0","0","0","1","0","1","1","1","1","1","1","1986-03-13","[object Object]"
"104","202","https://www.twoinchbrush.com/images/painting202.png","Northern Lights","8","13","9","https://www.youtube.com/embed/vgbMONXc9Cs","["Alizarin Crimson", "Black Gesso", "Bright Red", "Dark Sienna", "Midnight Black", "Phthalo Blue", "Phthalo Green", "Titanium White", "Van Dyke Brown"]","["#4E1500", "#000000", "#DB0000", "#5F2E1F", "#000000", "#0C0040", "#102E3C", "#FFFFFF", "#221B15"]","1","1","0","0","1","0","0","0","0","1","1","1","0","0","1","1","0","1","1986-03-27","[object Object]"
"105","177","https://www.twoinchbrush.com/images/painting177.png","Winter Evergreens","9","1","9","https://www.youtube.com/embed/O6L5YPt9CeU","["Alizarin Crimson", "Bright Red", "Dark Sienna", "Midnight Black", "Phthalo Blue", "Prussian Blue", "Titanium White", "Van Dyke Brown", "Yellow Ochre"]","["#4E1500", "#DB0000", "#5F2E1F", "#000000", "#0C0040", "#021E44", "#FFFFFF", "#221B15", "#C79B00"]","0","1","0","0","1","0","0","0","0","1","1","0","1","0","1","1","1","1","1986-04-30","[object Object]"
"106","178","https://www.twoinchbrush.com/images/painting178.png","Surf's Up","9","2","11","https://www.youtube.com/embed/ZKxFvyyOBPQ","["Alizarin Crimson", "Bright Red", "Cadmium Yellow", "Dark Sienna", "Liquid Clear", "Midnight Black", "Phthalo Blue", "Prussian Blue", "Titanium White", "Van Dyke Brown", "Yellow Ochre"]","["#4E1500", "#DB0000", "#FFEC00", "#5F2E1F", "#FFFFFF", "#000000", "#0C0040", "#021E44", "#FFFFFF", "#221B15", "#C79B00"]","0","1","0","1","1","0","0","0","1","1","1","0","1","0","1","1","1","1","1986-05-07","[object Object]"
"107","179","https://www.twoinchbrush.com/images/painting179.png","Red Sunset","9","3","11","https://www.youtube.com/embed/e5JhYi_G-l0","["Alizarin Crimson", "Black Gesso", "Bright Red", "Cadmium Yellow", "Dark Sienna", "Indian Yellow", "Midnight Black", "Phthalo Blue", "Titanium White", "Van Dyke Brown", "Yellow Ochre"]","["#4E1500", "#000000", "#DB0000", "#FFEC00", "#5F2E1F", "#FFB800", "#000000", "#0C0040", "#FFFFFF", "#221B15", "#C79B00"]","1","1","0","1","1","0","1","0","0","1","1","0","0","0","1","1","1","1","1986-05-14","[object Object]"
"109","181","https://www.twoinchbrush.com/images/painting181.png","Winter Oval","9","5","7","https://www.youtube.com/embed/pYWiLm_-sXw","["Alizarin Crimson", "Bright Red", "Dark Sienna", "Midnight Black", "Phthalo Blue", "Titanium White", "Van Dyke Brown"]","["#4E1500", "#DB0000", "#5F2E1F", "#000000", "#0C0040", "#FFFFFF", "#221B15"]","0","1","0","0","1","0","0","0","0","1","1","0","0","0","1","1","0","1","1986-05-28","[object Object]"
"110","182","https://www.twoinchbrush.com/images/painting182.png","Secluded Beach","9","6","11","https://www.youtube.com/embed/WGUcw_kFvzU","["Alizarin Crimson", "Black Gesso", "Bright Red", "Cadmium Yellow", "Dark Sienna", "Midnight Black", "Phthalo Blue", "Prussian Blue", "Titanium White", "Van Dyke Brown", "Yellow Ochre"]","["#4E1500", "#000000", "#DB0000", "#FFEC00", "#5F2E1F", "#000000", "#0C0040", "#021E44", "#FFFFFF", "#221B15", "#C79B00"]","1","1","0","1","1","0","0","0","0","1","1","0","1","0","1","1","1","1","1986-06-04","[object Object]"
"116","188","https://www.twoinchbrush.com/images/painting188.png","Mountain by the Sea","9","12","13","https://www.youtube.com/embed/so--opB-yuQ","["Alizarin Crimson", "Bright Red", "Cadmium Yellow", "Dark Sienna", "Liquid Clear", "Midnight Black", "Phthalo Blue", "Phthalo Green", "Prussian Blue", "Sap Green", "Titanium White", "Van Dyke Brown", "Yellow Ochre"]","["#4E1500", "#DB0000", "#FFEC00", "#5F2E1F", "#FFFFFF", "#000000", "#0C0040", "#102E3C", "#021E44", "#0A3410", "#FFFFFF", "#221B15", "#C79B00"]","0","1","0","1","1","0","0","0","1","1","1","1","1","1","1","1","1","1","1986-07-16","[object Object]"
"117","189","https://www.twoinchbrush.com/images/painting189.png","Mountain Hideaway","9","13","12","https://www.youtube.com/embed/q48EWPrbzVs","["Alizarin Crimson", "Black Gesso", "Bright Red", "Cadmium Yellow", "Dark Sienna", "Indian Yellow", "Midnight Black", "Phthalo Blue", "Sap Green", "Titanium White", "Van Dyke Brown", "Yellow Ochre"]","["#4E1500", "#000000", "#DB0000", "#FFEC00", "#5F2E1F", "#FFB800", "#000000", "#0C0040", "#0A3410", "#FFFFFF", "#221B15", "#C79B00"]","1","1","0","1","1","0","1","0","0","1","1","0","0","1","1","1","1","1","1986-07-23","[object Object]"
"119","164","https://www.twoinchbrush.com/images/painting164.png","Cabin at Sunset","10","2","12","https://www.youtube.com/embed/a6Wil3OXNuI","["Alizarin Crimson", "Bright Red", "Cadmium Yellow", "Dark Sienna", "Indian Yellow", "Midnight Black", "Phthalo Blue", "Prussian Blue", "Sap Green", "Titanium White", "Van Dyke Brown", "Yellow Ochre"]","["#4E1500", "#DB0000", "#FFEC00", "#5F2E1F", "#FFB800", "#000000", "#0C0040", "#021E44", "#0A3410", "#FFFFFF", "#221B15", "#C79B00"]","0","1","0","1","1","0","1","0","0","1","1","0","1","1","1","1","1","1","1986-09-10","[object Object]"
"122","167","https://www.twoinchbrush.com/images/painting167.png","Ocean Breeze","10","5","12","https://www.youtube.com/embed/XZmdzfvXRuw","["Alizarin Crimson", "Black Gesso", "Bright Red", "Cadmium Yellow", "Dark Sienna", "Midnight Black", "Phthalo Blue", "Phthalo Green", "Prussian Blue", "Titanium White", "Van Dyke Brown", "Yellow Ochre"]","["#4E1500", "#000000", "#DB0000", "#FFEC00", "#5F2E1F", "#000000", "#0C0040", "#102E3C", "#021E44", "#FFFFFF", "#221B15", "#C79B00"]","1","1","0","1","1","0","0","0","0","1","1","1","1","0","1","1","1","1","1986-10-01","[object Object]"
"127","173","https://www.twoinchbrush.com/images/painting173.png","Ocean Sunset","10","10","12","https://www.youtube.com/embed/OJ_xqtvZf3o","["Alizarin Crimson", "Bright Red", "Cadmium Yellow", "Dark Sienna", "Indian Yellow", "Liquid Clear", "Midnight Black", "Phthalo Blue", "Prussian Blue", "Titanium White", "Van Dyke Brown", "Yellow Ochre"]","["#4E1500", "#DB0000", "#FFEC00", "#5F2E1F", "#FFB800", "#FFFFFF", "#000000", "#0C0040", "#021E44", "#FFFFFF", "#221B15", "#C79B00"]","0","1","0","1","1","0","1","0","1","1","1","0","1","0","1","1","1","1","1986-11-05","[object Object]"
"129","175","https://www.twoinchbrush.com/images/painting175.png","Winter Frost","10","12","9","https://www.youtube.com/embed/8satX-hLkuI","["Alizarin Crimson", "Bright Red", "Cadmium Yellow", "Dark Sienna", "Midnight Black", "Phthalo Blue", "Prussian Blue", "Titanium White", "Van Dyke Brown"]","["#4E1500", "#DB0000", "#FFEC00", "#5F2E1F", "#000000", "#0C0040", "#021E44", "#FFFFFF", "#221B15"]","0","1","0","1","1","0","0","0","0","1","1","0","1","0","1","1","0","1","1986-11-19","[object Object]"
"132","151","https://www.twoinchbrush.com/images/painting151.png","Country Cabin","11","2","7","https://www.youtube.com/embed/Dkww2nHpuZw","["Alizarin Crimson", "Bright Red", "Dark Sienna", "Midnight Black", "Prussian Blue", "Titanium White", "Van Dyke Brown"]","["#4E1500", "#DB0000", "#5F2E1F", "#000000", "#021E44", "#FFFFFF", "#221B15"]","0","1","0","0","1","0","0","0","0","1","0","0","1","0","1","1","0","1","1987-01-07","[object Object]"
"133","152","https://www.twoinchbrush.com/images/painting152.png","Daisy Delight","11","3","10","https://www.youtube.com/embed/HuHC1RqtvDA","["Alizarin Crimson", "Cadmium Yellow", "Dark Sienna", "Liquid Clear", "Midnight Black", "Phthalo Blue", "Sap Green", "Titanium White", "Van Dyke Brown", "Yellow Ochre"]","["#4E1500", "#FFEC00", "#5F2E1F", "#FFFFFF", "#000000", "#0C0040", "#0A3410", "#FFFFFF", "#221B15", "#C79B00"]","0","0","0","1","1","0","0","0","1","1","1","0","0","1","1","1","1","1","1987-01-14","[object Object]"
"135","154","https://www.twoinchbrush.com/images/painting154.png","Towering Glacier","11","5","12","https://www.youtube.com/embed/67vdGbA3Xkg","["Alizarin Crimson", "Black Gesso", "Bright Red", "Cadmium Yellow", "Dark Sienna", "Indian Yellow", "Midnight Black", "Prussian Blue", "Sap Green", "Titanium White", "Van Dyke Brown", "Yellow Ochre"]","["#4E1500", "#000000", "#DB0000", "#FFEC00", "#5F2E1F", "#FFB800", "#000000", "#021E44", "#0A3410", "#FFFFFF", "#221B15", "#C79B00"]","1","1","0","1","1","0","1","0","0","1","0","0","1","1","1","1","1","1","1987-01-28","[object Object]"
"136","155","https://www.twoinchbrush.com/images/painting155.png","Oval Barn","11","6","6","https://www.youtube.com/embed/HqBhCibidNM","["Bright Red", "Dark Sienna", "Midnight Black", "Prussian Blue", "Titanium White", "Van Dyke Brown"]","["#DB0000", "#5F2E1F", "#000000", "#021E44", "#FFFFFF", "#221B15"]","0","1","0","0","1","0","0","0","0","1","0","0","1","0","1","1","0","0","1987-02-04","[object Object]"
"139","158","https://www.twoinchbrush.com/images/painting158.png","Winter Barn","11","9","6","https://www.youtube.com/embed/_xkn0ceDreo","["Alizarin Crimson", "Dark Sienna", "Midnight Black", "Phthalo Blue", "Titanium White", "Van Dyke Brown"]","["#4E1500", "#5F2E1F", "#000000", "#0C0040", "#FFFFFF", "#221B15"]","0","0","0","0","1","0","0","0","0","1","1","0","0","0","1","1","0","1","1987-02-25","[object Object]"
"140","159","https://www.twoinchbrush.com/images/painting159.png","Sunset over the Waves","11","10","10","https://www.youtube.com/embed/c4b_B2F1eZg","["Alizarin Crimson", "Black Gesso", "Bright Red", "Cadmium Yellow", "Dark Sienna", "Indian Yellow", "Midnight Black", "Phthalo Blue", "Titanium White", "Van Dyke Brown"]","["#4E1500", "#000000", "#DB0000", "#FFEC00", "#5F2E1F", "#FFB800", "#000000", "#0C0040", "#FFFFFF", "#221B15"]","1","1","0","1","1","0","1","0","0","1","1","0","0","0","1","1","0","1","","[object Object]"
"141","160","https://www.twoinchbrush.com/images/painting160.png","Golden Glow","11","11","8","https://www.youtube.com/embed/aA8RhtaWACA","["Cadmium Yellow", "Dark Sienna", "Indian Yellow", "Liquid Clear", "Prussian Blue", "Titanium White", "Van Dyke Brown", "Yellow Ochre"]","["#FFEC00", "#5F2E1F", "#FFB800", "#FFFFFF", "#021E44", "#FFFFFF", "#221B15", "#C79B00"]","0","0","0","1","1","0","1","0","1","0","0","0","1","0","1","1","1","0","1987-03-11","[object Object]"
"144","137","https://www.twoinchbrush.com/images/painting137.png","Golden Knoll","12","1","7","https://www.youtube.com/embed/-O0Bs65eN5w","["Cadmium Yellow", "Dark Sienna", "Indian Yellow", "Midnight Black", "Titanium White", "Van Dyke Brown", "Yellow Ochre"]","["#FFEC00", "#5F2E1F", "#FFB800", "#000000", "#FFFFFF", "#221B15", "#C79B00"]","0","0","0","1","1","0","1","0","0","1","0","0","0","0","1","1","1","0","1987-04-29","[object Object]"
"147","140","https://www.twoinchbrush.com/images/painting140.png","Bright Autumn Trees","12","4","13","https://www.youtube.com/embed/aR-C3h5zURM","["Alizarin Crimson", "Bright Red", "Cadmium Yellow", "Dark Sienna", "Indian Yellow", "Liquid Black", "Midnight Black", "Phthalo Green", "Prussian Blue", "Sap Green", "Titanium White", "Van Dyke Brown", "Yellow Ochre"]","["#4E1500", "#DB0000", "#FFEC00", "#5F2E1F", "#FFB800", "#000000", "#000000", "#102E3C", "#021E44", "#0A3410", "#FFFFFF", "#221B15", "#C79B00"]","0","1","0","1","1","0","1","1","0","1","0","1","1","1","1","1","1","1","1987-05-20","[object Object]"
"148","141","https://www.twoinchbrush.com/images/painting141.png","Black Seascape","12","5","9","https://www.youtube.com/embed/P_aCan4cBwc","["Black Gesso", "Bright Red", "Cadmium Yellow", "Dark Sienna", "Midnight Black", "Phthalo Blue", "Phthalo Green", "Titanium White", "Van Dyke Brown"]","["#000000", "#DB0000", "#FFEC00", "#5F2E1F", "#000000", "#0C0040", "#102E3C", "#FFFFFF", "#221B15"]","1","1","0","1","1","0","0","0","0","1","1","1","0","0","1","1","0","0","1987-05-27","[object Object]"
"151","144","https://www.twoinchbrush.com/images/painting144.png","Evening Waterfall","12","8","11","https://www.youtube.com/embed/PutvF_P4588","["Black Gesso", "Bright Red", "Cadmium Yellow", "Dark Sienna", "Indian Yellow", "Midnight Black", "Phthalo Blue", "Sap Green", "Titanium White", "Van Dyke Brown", "Yellow Ochre"]","["#000000", "#DB0000", "#FFEC00", "#5F2E1F", "#FFB800", "#000000", "#0C0040", "#0A3410", "#FFFFFF", "#221B15", "#C79B00"]","1","1","0","1","1","0","1","0","0","1","1","0","0","1","1","1","1","0","1987-06-17","[object Object]"
"153","146","https://www.twoinchbrush.com/images/painting146.png","Mountain at Sunset","12","10","13","https://www.youtube.com/embed/HCsCatvigtw","["Alizarin Crimson", "Bright Red", "Cadmium Yellow", "Dark Sienna", "Indian Yellow", "Liquid Clear", "Midnight Black", "Phthalo Blue", "Prussian Blue", "Sap Green", "Titanium White", "Van Dyke Brown", "Yellow Ochre"]","["#4E1500", "#DB0000", "#FFEC00", "#5F2E1F", "#FFB800", "#FFFFFF", "#000000", "#0C0040", "#021E44", "#0A3410", "#FFFFFF", "#221B15", "#C79B00"]","0","1","0","1","1","0","1","0","1","1","1","0","1","1","1","1","1","1","1987-07-01","[object Object]"
"156","149","https://www.twoinchbrush.com/images/painting149.png","Winter Mountain","12","13","7","https://www.youtube.com/embed/46vI20697HI","["Alizarin Crimson", "Bright Red", "Midnight Black", "Phthalo Blue", "Prussian Blue", "Titanium White", "Van Dyke Brown"]","["#4E1500", "#DB0000", "#000000", "#0C0040", "#021E44", "#FFFFFF", "#221B15"]","0","1","0","0","0","0","0","0","0","1","1","0","1","0","1","1","0","1","1987-07-22","[object Object]"
"158","125","https://www.twoinchbrush.com/images/painting125.png","Frozen Solitude","13","2","5","https://www.youtube.com/embed/kNZssD9zWlw","["Dark Sienna", "Midnight Black", "Prussian Blue", "Titanium White", "Van Dyke Brown"]","["#5F2E1F", "#000000", "#021E44", "#FFFFFF", "#221B15"]","0","0","0","0","1","0","0","0","0","1","0","0","1","0","1","1","0","0","1987-09-09","[object Object]"
"162","129","https://www.twoinchbrush.com/images/painting129.png","Hidden Creek","13","6","10","https://www.youtube.com/embed/KmoRz01bm0Y","["Black Gesso", "Cadmium Yellow", "Dark Sienna", "Indian Yellow", "Midnight Black", "Phthalo Blue", "Sap Green", "Titanium White", "Van Dyke Brown", "Yellow Ochre"]","["#000000", "#FFEC00", "#5F2E1F", "#FFB800", "#000000", "#0C0040", "#0A3410", "#FFFFFF", "#221B15", "#C79B00"]","1","0","0","1","1","0","1","0","0","1","1","0","0","1","1","1","1","0","1987-10-07","[object Object]"
"164","131","https://www.twoinchbrush.com/images/painting131.png","Mountain Exhibition","13","8","10","https://www.youtube.com/embed/bgI3_1quJ18","["Alizarin Crimson", "Cadmium Yellow", "Dark Sienna", "Indian Yellow", "Midnight Black", "Phthalo Blue", "Sap Green", "Titanium White", "Van Dyke Brown", "Yellow Ochre"]","["#4E1500", "#FFEC00", "#5F2E1F", "#FFB800", "#000000", "#0C0040", "#0A3410", "#FFFFFF", "#221B15", "#C79B00"]","0","0","0","1","1","0","1","0","0","1","1","0","0","1","1","1","1","1","1987-10-21","[object Object]"
"165","132","https://www.twoinchbrush.com/images/painting132.png","Emerald Waters","13","9","9","https://www.youtube.com/embed/lLunPQBzW6g","["Black Gesso", "Cadmium Yellow", "Dark Sienna", "Midnight Black", "Prussian Blue", "Sap Green", "Titanium White", "Van Dyke Brown", "Yellow Ochre"]","["#000000", "#FFEC00", "#5F2E1F", "#000000", "#021E44", "#0A3410", "#FFFFFF", "#221B15", "#C79B00"]","1","0","0","1","1","0","0","0","0","1","0","0","1","1","1","1","1","0","1987-10-28","[object Object]"
"167","134","https://www.twoinchbrush.com/images/painting134.png","Cabin Hideaway","13","11","10","https://www.youtube.com/embed/NjTlW2NL1Lo","["Alizarin Crimson", "Bright Red", "Cadmium Yellow", "Dark Sienna", "Midnight Black", "Phthalo Blue", "Prussian Blue", "Titanium White", "Van Dyke Brown", "Yellow Ochre"]","["#4E1500", "#DB0000", "#FFEC00", "#5F2E1F", "#000000", "#0C0040", "#021E44", "#FFFFFF", "#221B15", "#C79B00"]","0","1","0","1","1","0","0","0","0","1","1","0","1","0","1","1","1","1","1987-11-11","[object Object]"
"168","135","https://www.twoinchbrush.com/images/painting135.png","Oval Essence","13","12","8","https://www.youtube.com/embed/q7WXF_BSEXw","["Alizarin Crimson", "Cadmium Yellow", "Dark Sienna", "Midnight Black", "Phthalo Blue", "Phthalo Green", "Titanium White", "Van Dyke Brown"]","["#4E1500", "#FFEC00", "#5F2E1F", "#000000", "#0C0040", "#102E3C", "#FFFFFF", "#221B15"]","0","0","0","1","1","0","0","0","0","1","1","1","0","0","1","1","0","1","1987-11-18","[object Object]"
"172","113","https://www.twoinchbrush.com/images/painting113.png","Mountain Moonlight Oval","14","3","12","https://www.youtube.com/embed/CigXQtT6BPM","["Alizarin Crimson", "Black Gesso", "Cadmium Yellow", "Dark Sienna", "Indian Yellow", "Midnight Black", "Phthalo Blue", "Prussian Blue", "Sap Green", "Titanium White", "Van Dyke Brown", "Yellow Ochre"]","["#4E1500", "#000000", "#FFEC00", "#5F2E1F", "#FFB800", "#000000", "#0C0040", "#021E44", "#0A3410", "#FFFFFF", "#221B15", "#C79B00"]","1","0","0","1","1","0","1","0","0","1","1","0","1","1","1","1","1","1","1988-01-13","[object Object]"
"173","114","https://www.twoinchbrush.com/images/painting114.png","Snowy Solitude","14","4","7","https://www.youtube.com/embed/1ZriQGhSFTM","["Alizarin Crimson", "Dark Sienna", "Midnight Black", "Phthalo Blue", "Titanium White", "Van Dyke Brown", "Yellow Ochre"]","["#4E1500", "#5F2E1F", "#000000", "#0C0040", "#FFFFFF", "#221B15", "#C79B00"]","0","0","0","0","1","0","0","0","0","1","1","0","0","0","1","1","1","1","1988-01-20","[object Object]"
"176","117","https://www.twoinchbrush.com/images/painting117.png","Windy Waves","14","7","14","https://www.youtube.com/embed/y6GVVjG4HMg","["Alizarin Crimson", "Bright Red", "Cadmium Yellow", "Dark Sienna", "Indian Yellow", "Liquid Black", "Midnight Black", "Phthalo Blue", "Phthalo Green", "Prussian Blue", "Sap Green", "Titanium White", "Van Dyke Brown", "Yellow Ochre"]","["#4E1500", "#DB0000", "#FFEC00", "#5F2E1F", "#FFB800", "#000000", "#000000", "#0C0040", "#102E3C", "#021E44", "#0A3410", "#FFFFFF", "#221B15", "#C79B00"]","0","1","0","1","1","0","1","1","0","1","1","1","1","1","1","1","1","1","1988-02-10","[object Object]"
"177","118","https://www.twoinchbrush.com/images/painting118.png","On a Clear Day","14","8","11","https://www.youtube.com/embed/e63Cgln6Yag","["Alizarin Crimson", "Bright Red", "Cadmium Yellow", "Dark Sienna", "Indian Yellow", "Midnight Black", "Phthalo Blue", "Prussian Blue", "Titanium White", "Van Dyke Brown", "Yellow Ochre"]","["#4E1500", "#DB0000", "#FFEC00", "#5F2E1F", "#FFB800", "#000000", "#0C0040", "#021E44", "#FFFFFF", "#221B15", "#C79B00"]","0","1","0","1","1","0","1","0","0","1","1","0","1","0","1","1","1","1","1988-02-17","[object Object]"
"180","121","https://www.twoinchbrush.com/images/painting121.png","Shadow Pond","14","11","13","https://www.youtube.com/embed/BQWJ3kqonpA","["Alizarin Crimson", "Black Gesso", "Bright Red", "Cadmium Yellow", "Dark Sienna", "Indian Yellow", "Midnight Black", "Phthalo Blue", "Prussian Blue", "Sap Green", "Titanium White", "Van Dyke Brown", "Yellow Ochre"]","["#4E1500", "#000000", "#DB0000", "#FFEC00", "#5F2E1F", "#FFB800", "#000000", "#0C0040", "#021E44", "#0A3410", "#FFFFFF", "#221B15", "#C79B00"]","1","1","0","1","1","0","1","0","0","1","1","0","1","1","1","1","1","1","1988-03-09","[object Object]"
"182","123","https://www.twoinchbrush.com/images/painting123.png","Natural Wonder","14","13","11","https://www.youtube.com/embed/knOutsaiKfU","["Alizarin Crimson", "Cadmium Yellow", "Dark Sienna", "Indian Yellow", "Midnight Black", "Phthalo Blue", "Prussian Blue", "Sap Green", "Titanium White", "Van Dyke Brown", "Yellow Ochre"]","["#4E1500", "#FFEC00", "#5F2E1F", "#FFB800", "#000000", "#0C0040", "#021E44", "#0A3410", "#FFFFFF", "#221B15", "#C79B00"]","0","0","0","1","1","0","1","0","0","1","1","0","1","1","1","1","1","1","1988-03-23","[object Object]"
"187","102","https://www.twoinchbrush.com/images/painting102.png","Hidden Winter Moon Oval","15","5","8","https://www.youtube.com/embed/yxAMOdl6RJE","["Alizarin Crimson", "Black Gesso", "Dark Sienna", "Midnight Black", "Phthalo Blue", "Prussian Blue", "Titanium White", "Van Dyke Brown"]","["#4E1500", "#000000", "#5F2E1F", "#000000", "#0C0040", "#021E44", "#FFFFFF", "#221B15"]","1","0","0","0","1","0","0","0","0","1","1","0","1","0","1","1","0","1","1988-05-25","[object Object]"
"188","103","https://www.twoinchbrush.com/images/painting103.png","Waves of Wonder","15","6","12","https://www.youtube.com/embed/tayQX_ng-Nc","["Alizarin Crimson", "Bright Red", "Cadmium Yellow", "Dark Sienna", "Liquid Clear", "Midnight Black", "Phthalo Blue", "Phthalo Green", "Prussian Blue", "Titanium White", "Van Dyke Brown", "Yellow Ochre"]","["#4E1500", "#DB0000", "#FFEC00", "#5F2E1F", "#FFFFFF", "#000000", "#0C0040", "#102E3C", "#021E44", "#FFFFFF", "#221B15", "#C79B00"]","0","1","0","1","1","0","0","0","1","1","1","1","1","0","1","1","1","1","1988-06-01","[object Object]"
"191","106","https://www.twoinchbrush.com/images/painting106.png","Christmas Eve Snow","15","9","9","https://www.youtube.com/embed/cVqFG2pxK2A","["Alizarin Crimson", "Black Gesso", "Cadmium Yellow", "Dark Sienna", "Midnight Black", "Phthalo Blue", "Prussian Blue", "Titanium White", "Van Dyke Brown"]","["#4E1500", "#000000", "#FFEC00", "#5F2E1F", "#000000", "#0C0040", "#021E44", "#FFFFFF", "#221B15"]","1","0","0","1","1","0","0","0","0","1","1","0","1","0","1","1","0","1","1988-06-22","[object Object]"
"201","89","https://www.twoinchbrush.com/images/painting89.png","Contemplative Lady","16","6","1","https://www.youtube.com/embed/gnp6WE7Ql-s","["Van Dyke Brown"]","["#221B15"]","0","0","0","0","0","0","0","0","0","0","0","0","0","0","0","1","0","0","1988-09-21","[object Object]"
"202","90","https://www.twoinchbrush.com/images/painting90.png","Deep Woods","16","7","10","https://www.youtube.com/embed/rE5ZVs_YJfE","["Alizarin Crimson", "Bright Red", "Cadmium Yellow", "Dark Sienna", "Midnight Black", "Phthalo Blue", "Sap Green", "Titanium White", "Van Dyke Brown", "Yellow Ochre"]","["#4E1500", "#DB0000", "#FFEC00", "#5F2E1F", "#000000", "#0C0040", "#0A3410", "#FFFFFF", "#221B15", "#C79B00"]","0","1","0","1","1","0","0","0","0","1","1","0","0","1","1","1","1","1","1988-09-28","[object Object]"
"205","94","https://www.twoinchbrush.com/images/painting94.png","That Time of Year","16","10","9","https://www.youtube.com/embed/q5moLoqOkP0","["Alizarin Crimson", "Bright Red", "Cadmium Yellow", "Indian Yellow", "Midnight Black", "Phthalo Blue", "Sap Green", "Titanium White", "Van Dyke Brown"]","["#4E1500", "#DB0000", "#FFEC00", "#FFB800", "#000000", "#0C0040", "#0A3410", "#FFFFFF", "#221B15"]","0","1","0","1","0","0","1","0","0","1","1","0","0","1","1","1","0","1","1988-10-19","[object Object]"
"206","95","https://www.twoinchbrush.com/images/painting95.png","Waterfall Wonder","16","11","11","https://www.youtube.com/embed/AGhXEPfp-W4","["Alizarin Crimson", "Black Gesso", "Cadmium Yellow", "Dark Sienna", "Indian Yellow", "Midnight Black", "Phthalo Blue", "Sap Green", "Titanium White", "Van Dyke Brown", "Yellow Ochre"]","["#4E1500", "#000000", "#FFEC00", "#5F2E1F", "#FFB800", "#000000", "#0C0040", "#0A3410", "#FFFFFF", "#221B15", "#C79B00"]","1","0","0","1","1","0","1","0","0","1","1","0","0","1","1","1","1","1","","[object Object]"
"209","71","https://www.twoinchbrush.com/images/painting71.png","Golden Mist Oval","17","1","9","https://www.youtube.com/embed/lhpfaW0k6uM","["Alizarin Crimson", "Bright Red", "Cadmium Yellow", "Dark Sienna", "Midnight Black", "Phthalo Blue", "Titanium White", "Van Dyke Brown", "Yellow Ochre"]","["#4E1500", "#DB0000", "#FFEC00", "#5F2E1F", "#000000", "#0C0040", "#FFFFFF", "#221B15", "#C79B00"]","0","1","0","1","1","0","0","0","0","1","1","0","0","0","1","1","1","1","1989-01-04","[object Object]"
"215","77","https://www.twoinchbrush.com/images/painting77.png","Spectacular Waterfall","17","7","15","https://www.youtube.com/embed/nK-HebXL2uw","["Alizarin Crimson", "Black Gesso", "Bright Red", "Cadmium Yellow", "Dark Sienna", "Indian Yellow", "Liquid Clear", "Midnight Black", "Phthalo Blue", "Phthalo Green", "Prussian Blue", "Sap Green", "Titanium White", "Van Dyke Brown", "Yellow Ochre"]","["#4E1500", "#000000", "#DB0000", "#FFEC00", "#5F2E1F", "#FFB800", "#FFFFFF", "#000000", "#0C0040", "#102E3C", "#021E44", "#0A3410", "#FFFFFF", "#221B15", "#C79B00"]","1","1","0","1","1","0","1","0","1","1","1","1","1","1","1","1","1","1","1989-02-15","[object Object]"
"219","81","https://www.twoinchbrush.com/images/painting81.png","Morning Walk","17","11","12","https://www.youtube.com/embed/pSvgNkQdR2Y","["Alizarin Crimson", "Black Gesso", "Bright Red", "Cadmium Yellow", "Dark Sienna", "Midnight Black", "Phthalo Blue", "Prussian Blue", "Sap Green", "Titanium White", "Van Dyke Brown", "Yellow Ochre"]","["#4E1500", "#000000", "#DB0000", "#FFEC00", "#5F2E1F", "#000000", "#0C0040", "#021E44", "#0A3410", "#FFFFFF", "#221B15", "#C79B00"]","1","1","0","1","1","0","0","0","0","1","1","0","1","1","1","1","1","1","1989-03-15","[object Object]"
"224","60","https://www.twoinchbrush.com/images/painting60.png","Mountain Seclusion","18","3","10","https://www.youtube.com/embed/EBZKuVbRY54","["Alizarin Crimson", "Black Gesso", "Cadmium Yellow", "Dark Sienna", "Liquid Clear", "Midnight Black", "Phthalo Blue", "Prussian Blue", "Titanium White", "Van Dyke Brown"]","["#4E1500", "#000000", "#FFEC00", "#5F2E1F", "#FFFFFF", "#000000", "#0C0040", "#021E44", "#FFFFFF", "#221B15"]","1","0","0","1","1","0","0","0","1","1","1","0","1","0","1","1","0","1","1989-07-19","[object Object]"
"229","65","https://www.twoinchbrush.com/images/painting65.png","Winter Lace","18","8","8","https://www.youtube.com/embed/WJF_qoQRPck","["Alizarin Crimson", "Bright Red", "Dark Sienna", "Midnight Black", "Phthalo Blue", "Prussian Blue", "Titanium White", "Van Dyke Brown"]","["#4E1500", "#DB0000", "#5F2E1F", "#000000", "#0C0040", "#021E44", "#FFFFFF", "#221B15"]","0","1","0","0","1","0","0","0","0","1","1","0","1","0","1","1","0","1","1989-08-23","[object Object]"
"231","67","https://www.twoinchbrush.com/images/painting67.png","Double Oval Stream","18","10","13","https://www.youtube.com/embed/rRjnHdr9DmU","["Alizarin Crimson", "Bright Red", "Cadmium Yellow", "Dark Sienna", "Indian Yellow", "Liquid Black", "Midnight Black", "Phthalo Blue", "Prussian Blue", "Sap Green", "Titanium White", "Van Dyke Brown", "Yellow Ochre"]","["#4E1500", "#DB0000", "#FFEC00", "#5F2E1F", "#FFB800", "#000000", "#000000", "#0C0040", "#021E44", "#0A3410", "#FFFFFF", "#221B15", "#C79B00"]","0","1","0","1","1","0","1","1","0","1","1","0","1","1","1","1","1","1","1989-09-06","[object Object]"
"234","70","https://www.twoinchbrush.com/images/painting70.png","Rippling Waters","18","13","12","https://www.youtube.com/embed/XvnJBynSiT0","["Alizarin Crimson", "Bright Red", "Cadmium Yellow", "Dark Sienna", "Indian Yellow", "Liquid Black", "Midnight Black", "Phthalo Blue", "Sap Green", "Titanium White", "Van Dyke Brown", "Yellow Ochre"]","["#4E1500", "#DB0000", "#FFEC00", "#5F2E1F", "#FFB800", "#000000", "#000000", "#0C0040", "#0A3410", "#FFFFFF", "#221B15", "#C79B00"]","0","1","0","1","1","0","1","1","0","1","1","0","0","1","1","1","1","1","1989-09-27","[object Object]"
"236","45","https://www.twoinchbrush.com/images/painting45.png","Quiet Mountain Lake","19","2","14","https://www.youtube.com/embed/2gq2V6dCt2I","["Alizarin Crimson", "Black Gesso", "Bright Red", "Cadmium Yellow", "Dark Sienna", "Indian Yellow", "Liquid Clear", "Midnight Black", "Phthalo Blue", "Prussian Blue", "Sap Green", "Titanium White", "Van Dyke Brown", "Yellow Ochre"]","["#4E1500", "#000000", "#DB0000", "#FFEC00", "#5F2E1F", "#FFB800", "#FFFFFF", "#000000", "#0C0040", "#021E44", "#0A3410", "#FFFFFF", "#221B15", "#C79B00"]","1","1","0","1","1","0","1","0","1","1","1","0","1","1","1","1","1","1","1990-01-10","[object Object]"
"238","47","https://www.twoinchbrush.com/images/painting47.png","Snowy Morn","19","4","7","https://www.youtube.com/embed/iB1TDWlo0kk","["Alizarin Crimson", "Dark Sienna", "Midnight Black", "Prussian Blue", "Titanium White", "Van Dyke Brown", "Yellow Ochre"]","["#4E1500", "#5F2E1F", "#000000", "#021E44", "#FFFFFF", "#221B15", "#C79B00"]","0","0","0","0","1","0","0","0","0","1","0","0","1","0","1","1","1","1","1990-01-24","[object Object]"
"243","52","https://www.twoinchbrush.com/images/painting52.png","Ebb Tide","19","9","10","https://www.youtube.com/embed/mFOna_LN7Ys","["Alizarin Crimson", "Bright Red", "Cadmium Yellow", "Dark Sienna", "Liquid Clear", "Midnight Black", "Phthalo Blue", "Titanium White", "Van Dyke Brown", "Yellow Ochre"]","["#4E1500", "#DB0000", "#FFEC00", "#5F2E1F", "#FFFFFF", "#000000", "#0C0040", "#FFFFFF", "#221B15", "#C79B00"]","0","1","0","1","1","0","0","0","1","1","1","0","0","0","1","1","1","1","1990-02-28","[object Object]"
"249","32","https://www.twoinchbrush.com/images/painting32.png","New Day's Dawn","20","2","12","https://www.youtube.com/embed/vbPdQ0w8ylg","["Alizarin Crimson", "Bright Red", "Cadmium Yellow", "Dark Sienna", "Indian Yellow", "Liquid Clear", "Midnight Black", "Phthalo Blue", "Sap Green", "Titanium White", "Van Dyke Brown", "Yellow Ochre"]","["#4E1500", "#DB0000", "#FFEC00", "#5F2E1F", "#FFB800", "#FFFFFF", "#000000", "#0C0040", "#0A3410", "#FFFFFF", "#221B15", "#C79B00"]","0","1","0","1","1","0","1","0","1","1","1","0","0","1","1","1","1","1","1990-04-11","[object Object]"
"250","33","https://www.twoinchbrush.com/images/painting33.png","Winter in Pastel","20","3","9","https://www.youtube.com/embed/kbnXZRNMouM","["Alizarin Crimson", "Bright Red", "Dark Sienna", "Indian Yellow", "Midnight Black", "Phthalo Blue", "Titanium White", "Van Dyke Brown", "Yellow Ochre"]","["#4E1500", "#DB0000", "#5F2E1F", "#FFB800", "#000000", "#0C0040", "#FFFFFF", "#221B15", "#C79B00"]","0","1","0","0","1","0","1","0","0","1","1","0","0","0","1","1","1","1","","[object Object]"
"252","35","https://www.twoinchbrush.com/images/painting35.png","Divine Elegance","20","5","12","https://www.youtube.com/embed/mb-Gwx1S5Gs","["Alizarin Crimson", "Cadmium Yellow", "Dark Sienna", "Indian Yellow", "Midnight Black", "Phthalo Blue", "Phthalo Green", "Prussian Blue", "Sap Green", "Titanium White", "Van Dyke Brown", "Yellow Ochre"]","["#4E1500", "#FFEC00", "#5F2E1F", "#FFB800", "#000000", "#0C0040", "#102E3C", "#021E44", "#0A3410", "#FFFFFF", "#221B15", "#C79B00"]","0","0","0","1","1","0","1","0","0","1","1","1","1","1","1","1","1","1","1990-05-02","[object Object]"
"255","38","https://www.twoinchbrush.com/images/painting38.png","The Old Oak Tree","20","8","13","https://www.youtube.com/embed/dN4HjAn8p5U","["Alizarin Crimson", "Black Gesso", "Bright Red", "Cadmium Yellow", "Dark Sienna", "Indian Yellow", "Liquid Clear", "Midnight Black", "Phthalo Blue", "Sap Green", "Titanium White", "Van Dyke Brown", "Yellow Ochre"]","["#4E1500", "#000000", "#DB0000", "#FFEC00", "#5F2E1F", "#FFB800", "#FFFFFF", "#000000", "#0C0040", "#0A3410", "#FFFFFF", "#221B15", "#C79B00"]","1","1","0","1","1","0","1","0","1","1","1","0","0","1","1","1","1","1","","[object Object]"
"256","39","https://www.twoinchbrush.com/images/painting39.png","Winter Paradise","20","9","6","https://www.youtube.com/embed/DY1aBv8Z1SQ","["Alizarin Crimson", "Dark Sienna", "Midnight Black", "Phthalo Blue", "Prussian Blue", "Titanium White"]","["#4E1500", "#5F2E1F", "#000000", "#0C0040", "#021E44", "#FFFFFF"]","0","0","0","0","1","0","0","0","0","1","1","0","1","0","1","0","0","1","1990-05-30","[object Object]"
"262","18","https://www.twoinchbrush.com/images/painting18.png","Tranquil Dawn","21","2","10","https://www.youtube.com/embed/4abDq6Q-mlM","["Alizarin Crimson", "Cadmium Yellow", "Dark Sienna", "Indian Yellow", "Liquid Clear", "Midnight Black", "Phthalo Blue", "Titanium White", "Van Dyke Brown", "Yellow Ochre"]","["#4E1500", "#FFEC00", "#5F2E1F", "#FFB800", "#FFFFFF", "#000000", "#0C0040", "#FFFFFF", "#221B15", "#C79B00"]","0","0","0","1","1","0","1","0","1","1","1","0","0","0","1","1","1","1","1990-09-12","[object Object]"
"266","22","https://www.twoinchbrush.com/images/painting22.png","Mountain Rhapsody","21","6","8","https://www.youtube.com/embed/H4VsmKU5T7g","["Alizarin Crimson", "Dark Sienna", "Indian Yellow", "Midnight Black", "Phthalo Blue", "Titanium White", "Van Dyke Brown", "Yellow Ochre"]","["#4E1500", "#5F2E1F", "#FFB800", "#000000", "#0C0040", "#FFFFFF", "#221B15", "#C79B00"]","0","0","0","0","1","0","1","0","0","1","1","0","0","0","1","1","1","1","1990-10-10","[object Object]"
"267","23","https://www.twoinchbrush.com/images/painting23.png","Wilderness Cabin","21","7","14","https://www.youtube.com/embed/GWehiacnd1E","["Alizarin Crimson", "Bright Red", "Cadmium Yellow", "Dark Sienna", "Indian Yellow", "Liquid Clear", "Midnight Black", "Phthalo Blue", "Phthalo Green", "Prussian Blue", "Sap Green", "Titanium White", "Van Dyke Brown", "Yellow Ochre"]","["#4E1500", "#DB0000", "#FFEC00", "#5F2E1F", "#FFB800", "#FFFFFF", "#000000", "#0C0040", "#102E3C", "#021E44", "#0A3410", "#FFFFFF", "#221B15", "#C79B00"]","0","1","0","1","1","0","1","0","1","1","1","1","1","1","1","1","1","1","1990-10-17","[object Object]"
"268","24","https://www.twoinchbrush.com/images/painting24.png","By the Sea","21","8","13","https://www.youtube.com/embed/8tHHBTK6wwc","["Alizarin Crimson", "Black Gesso", "Bright Red", "Cadmium Yellow", "Dark Sienna", "Indian Yellow", "Midnight Black", "Phthalo Blue", "Phthalo Green", "Sap Green", "Titanium White", "Van Dyke Brown", "Yellow Ochre"]","["#4E1500", "#000000", "#DB0000", "#FFEC00", "#5F2E1F", "#FFB800", "#000000", "#0C0040", "#102E3C", "#0A3410", "#FFFFFF", "#221B15", "#C79B00"]","1","1","0","1","1","0","1","0","0","1","1","1","0","1","1","1","1","1","1990-10-24","[object Object]"
"270","27","https://www.twoinchbrush.com/images/painting27.png","Blue Winter","21","10","3","https://www.youtube.com/embed/liR0gS0sZY0","["Midnight Black", "Prussian Blue", "Titanium White"]","["#000000", "#021E44", "#FFFFFF"]","0","0","0","0","0","0","0","0","0","1","0","0","1","0","1","0","0","0","1990-11-07","[object Object]"
"271","28","https://www.twoinchbrush.com/images/painting28.png","Desert Glow","21","11","9","https://www.youtube.com/embed/QyncJfL_HmU","["Alizarin Crimson", "Bright Red", "Cadmium Yellow", "Indian Yellow", "Midnight Black", "Phthalo Blue", "Sap Green", "Titanium White", "Yellow Ochre"]","["#4E1500", "#DB0000", "#FFEC00", "#FFB800", "#000000", "#0C0040", "#0A3410", "#FFFFFF", "#C79B00"]","0","1","0","1","0","0","1","0","0","1","1","0","0","1","1","0","1","1","1990-11-14","[object Object]"
"273","30","https://www.twoinchbrush.com/images/painting30.png","Florida's Glory","21","13","11","https://www.youtube.com/embed/HQC5sPN9Xhc","["Alizarin Crimson", "Cadmium Yellow", "Dark Sienna", "Liquid Clear", "Midnight Black", "Phthalo Blue", "Prussian Blue", "Sap Green", "Titanium White", "Van Dyke Brown", "Yellow Ochre"]","["#4E1500", "#FFEC00", "#5F2E1F", "#FFFFFF", "#000000", "#0C0040", "#021E44", "#0A3410", "#FFFFFF", "#221B15", "#C79B00"]","0","0","0","1","1","0","0","0","1","1","1","0","1","1","1","1","1","1","1990-11-28","[object Object]"
"274","14","https://www.twoinchbrush.com/images/painting14.png","Autumn Images","22","1","11","https://www.youtube.com/embed/HMx34Am6RFg","["Alizarin Crimson", "Bright Red", "Cadmium Yellow", "Dark Sienna", "Indian Red", "Midnight Black", "Prussian Blue", "Sap Green", "Titanium White", "Van Dyke Brown", "Yellow Ochre"]","["#4E1500", "#DB0000", "#FFEC00", "#5F2E1F", "#CD5C5C", "#000000", "#021E44", "#0A3410", "#FFFFFF", "#221B15", "#C79B00"]","0","1","0","1","1","1","0","0","0","1","0","0","1","1","1","1","1","1","1991-01-01","[object Object]"
"276","16","https://www.twoinchbrush.com/images/painting16.png","Around the Bend","22","3","14","https://www.youtube.com/embed/Kl5X3icOVvw","["Alizarin Crimson", "Black Gesso", "Bright Red", "Cadmium Yellow", "Dark Sienna", "Indian Yellow", "Midnight Black", "Phthalo Blue", "Phthalo Green", "Prussian Blue", "Sap Green", "Titanium White", "Van Dyke Brown", "Yellow Ochre"]","["#4E1500", "#000000", "#DB0000", "#FFEC00", "#5F2E1F", "#FFB800", "#000000", "#0C0040", "#102E3C", "#021E44", "#0A3410", "#FFFFFF", "#221B15", "#C79B00"]","1","1","0","1","1","0","1","0","0","1","1","1","1","1","1","1","1","1","1991-01-15","[object Object]"
"278","5","https://www.twoinchbrush.com/images/painting5.png","Russet Winter","22","5","9","https://www.youtube.com/embed/aE4nID1p-t0","["Alizarin Crimson", "Cadmium Yellow", "Dark Sienna", "Indian Yellow", "Midnight Black", "Phthalo Blue", "Titanium White", "Van Dyke Brown", "Yellow Ochre"]","["#4E1500", "#FFEC00", "#5F2E1F", "#FFB800", "#000000", "#0C0040", "#FFFFFF", "#221B15", "#C79B00"]","0","0","0","1","1","0","1","0","0","1","1","0","0","0","1","1","1","1","1991-01-29","[object Object]"
"283","10","https://www.twoinchbrush.com/images/painting10.png","Wintertime Blues","22","10","7","https://www.youtube.com/embed/dbMJVM4iL2Q","["Alizarin Crimson", "Dark Sienna", "Midnight Black", "Phthalo Blue", "Prussian Blue", "Titanium White", "Van Dyke Brown"]","["#4E1500", "#5F2E1F", "#000000", "#0C0040", "#021E44", "#FFFFFF", "#221B15"]","0","0","0","0","1","0","0","0","0","1","1","0","1","0","1","1","0","1","1991-03-05","[object Object]"
"287","295","https://www.twoinchbrush.com/images/painting295.png","Frosty Winter Morn","23","1","8","https://www.youtube.com/embed/1-9_enMBquw","["Alizarin Crimson", "Cadmium Yellow", "Midnight Black", "Phthalo Blue", "Prussian Blue", "Sap Green", "Titanium White", "Van Dyke Brown"]","["#4E1500", "#FFEC00", "#000000", "#0C0040", "#021E44", "#0A3410", "#FFFFFF", "#221B15"]","0","0","0","1","0","0","0","0","0","1","1","0","1","1","1","1","0","1","1991-09-03","[object Object]"
"290","298","https://www.twoinchbrush.com/images/painting298.png","Reflections of Gold","23","4","10","https://www.youtube.com/embed/8f9CCnqJ_1Y","["Alizarin Crimson", "Bright Red", "Cadmium Yellow", "Dark Sienna", "Indian Yellow", "Midnight Black", "Prussian Blue", "Titanium White", "Van Dyke Brown", "Yellow Ochre"]","["#4E1500", "#DB0000", "#FFEC00", "#5F2E1F", "#FFB800", "#000000", "#021E44", "#FFFFFF", "#221B15", "#C79B00"]","0","1","0","1","1","0","1","0","0","1","0","0","1","0","1","1","1","1","1991-09-24","[object Object]"
"293","301","https://www.twoinchbrush.com/images/painting301.png","At Dawn's Light","23","7","9","https://www.youtube.com/embed/HFdTxqEznIk","["Alizarin Crimson", "Bright Red", "Cadmium Yellow", "Dark Sienna", "Midnight Black", "Prussian Blue", "Titanium White", "Van Dyke Brown", "Yellow Ochre"]","["#4E1500", "#DB0000", "#FFEC00", "#5F2E1F", "#000000", "#021E44", "#FFFFFF", "#221B15", "#C79B00"]","0","1","0","1","1","0","0","0","0","1","0","0","1","0","1","1","1","1","1991-10-15","[object Object]"
"297","305","https://www.twoinchbrush.com/images/painting305.png","Frozen Beauty in Vignette","23","11","9","https://www.youtube.com/embed/H15kV1wbDG4","["Bright Red", "Dark Sienna", "Midnight Black", "Phthalo Blue", "Phthalo Green", "Prussian Blue", "Titanium White", "Van Dyke Brown", "Yellow Ochre"]","["#DB0000", "#5F2E1F", "#000000", "#0C0040", "#102E3C", "#021E44", "#FFFFFF", "#221B15", "#C79B00"]","0","1","0","0","1","0","0","0","0","1","1","1","1","0","1","1","1","0","1991-11-12","[object Object]"
"298","306","https://www.twoinchbrush.com/images/painting306.png","Crimson Tide","23","12","8","https://www.youtube.com/embed/Y7SDU4i6Fco","["Alizarin Crimson", "Cadmium Yellow", "Dark Sienna", "Midnight Black", "Phthalo Blue", "Titanium White", "Van Dyke Brown", "Yellow Ochre"]","["#4E1500", "#FFEC00", "#5F2E1F", "#000000", "#0C0040", "#FFFFFF", "#221B15", "#C79B00"]","0","0","0","1","1","0","0","0","0","1","1","0","0","0","1","1","1","1","1991-11-19","[object Object]"
"301","309","https://www.twoinchbrush.com/images/painting309.png","Wayside Pond","24","2","11","https://www.youtube.com/embed/FPW2FwK4IOo","["Alizarin Crimson", "Black Gesso", "Bright Red", "Dark Sienna", "Midnight Black", "Phthalo Blue", "Prussian Blue", "Sap Green", "Titanium White", "Van Dyke Brown", "Yellow Ochre"]","["#4E1500", "#000000", "#DB0000", "#5F2E1F", "#000000", "#0C0040", "#021E44", "#0A3410", "#FFFFFF", "#221B15", "#C79B00"]","1","1","0","0","1","0","0","0","0","1","1","0","1","1","1","1","1","1","1992-01-14","[object Object]"
"302","310","https://www.twoinchbrush.com/images/painting310.png","Teton Winter","24","3","6","https://www.youtube.com/embed/I4h6TC4CPJY","["Alizarin Crimson", "Midnight Black", "Phthalo Blue", "Prussian Blue", "Sap Green", "Titanium White"]","["#4E1500", "#000000", "#0C0040", "#021E44", "#0A3410", "#FFFFFF"]","0","0","0","0","0","0","0","0","0","1","1","0","1","1","1","0","0","1","1992-01-21","[object Object]"
"303","311","https://www.twoinchbrush.com/images/painting311.png","Little Home in the Meadow","24","4","12","https://www.youtube.com/embed/nU1zV93N-kI","["Alizarin Crimson", "Black Gesso", "Bright Red", "Cadmium Yellow", "Indian Yellow", "Liquid Clear", "Midnight Black", "Phthalo Blue", "Prussian Blue", "Sap Green", "Titanium White", "Yellow Ochre"]","["#4E1500", "#000000", "#DB0000", "#FFEC00", "#FFB800", "#FFFFFF", "#000000", "#0C0040", "#021E44", "#0A3410", "#FFFFFF", "#C79B00"]","1","1","0","1","0","0","1","0","1","1","1","0","1","1","1","0","1","1","1992-01-28","[object Object]"
"304","312","https://www.twoinchbrush.com/images/painting312.png","A Pretty Autumn Day","24","5","13","https://www.youtube.com/embed/HWedDS3p7XI","["Alizarin Crimson", "Black Gesso", "Bright Red", "Cadmium Yellow", "Indian Yellow", "Liquid Clear", "Midnight Black", "Phthalo Blue", "Phthalo Green", "Prussian Blue", "Sap Green", "Titanium White", "Yellow Ochre"]","["#4E1500", "#000000", "#DB0000", "#FFEC00", "#FFB800", "#FFFFFF", "#000000", "#0C0040", "#102E3C", "#021E44", "#0A3410", "#FFFFFF", "#C79B00"]","1","1","0","1","0","0","1","0","1","1","1","1","1","1","1","0","1","1","","[object Object]"
"306","314","https://www.twoinchbrush.com/images/painting314.png","Back-Country Path","24","7","11","https://www.youtube.com/embed/2iNMoQB1Pe8","["Alizarin Crimson", "Black Gesso", "Bright Red", "Cadmium Yellow", "Indian Yellow", "Midnight Black", "Phthalo Blue", "Prussian Blue", "Sap Green", "Titanium White", "Yellow Ochre"]","["#4E1500", "#000000", "#DB0000", "#FFEC00", "#FFB800", "#000000", "#0C0040", "#021E44", "#0A3410", "#FFFFFF", "#C79B00"]","1","1","0","1","0","0","1","0","0","1","1","0","1","1","1","0","1","1","1992-02-18","[object Object]"
"309","317","https://www.twoinchbrush.com/images/painting317.png","Rowboat on the Beach","24","10","8","https://www.youtube.com/embed/hfvhXOvg43w","["Alizarin Crimson", "Cadmium Yellow", "Midnight Black", "Phthalo Blue", "Phthalo Green", "Sap Green", "Titanium White", "Yellow Ochre"]","["#4E1500", "#FFEC00", "#000000", "#0C0040", "#102E3C", "#0A3410", "#FFFFFF", "#C79B00"]","0","0","0","1","0","0","0","0","0","1","1","1","0","1","1","0","1","1","1992-03-10","[object Object]"
"310","318","https://www.twoinchbrush.com/images/painting318.png","Portrait of Winter","24","11","5","https://www.youtube.com/embed/JLnIUGOupOA","["Alizarin Crimson", "Midnight Black", "Phthalo Blue", "Prussian Blue", "Titanium White"]","["#4E1500", "#000000", "#0C0040", "#021E44", "#FFFFFF"]","0","0","0","0","0","0","0","0","0","1","1","0","1","0","1","0","0","1","1992-03-17","[object Object]"
"312","320","https://www.twoinchbrush.com/images/painting320.png","Snowbound Cabin","24","13","8","https://www.youtube.com/embed/obSLZWXmDak","["Alizarin Crimson", "Black Gesso", "Liquid Clear", "Midnight Black", "Phthalo Blue", "Prussian Blue", "Sap Green", "Titanium White"]","["#4E1500", "#000000", "#FFFFFF", "#000000", "#0C0040", "#021E44", "#0A3410", "#FFFFFF"]","1","0","0","0","0","0","0","0","1","1","1","0","1","1","1","0","0","1","1992-03-31","[object Object]"
"314","322","https://www.twoinchbrush.com/images/painting322.png","Enchanted Falls Oval","25","2","6","https://www.youtube.com/embed/HklPkQ0lSKA","["Alizarin Crimson", "Black Gesso", "Indian Yellow", "Sap Green", "Titanium White", "Yellow Ochre"]","["#4E1500", "#000000", "#FFB800", "#0A3410", "#FFFFFF", "#C79B00"]","1","0","0","0","0","0","1","0","0","0","0","0","0","1","1","0","1","1","1992-09-01","[object Object]"
"315","323","https://www.twoinchbrush.com/images/painting323.png","Not Quite Spring","25","3","9","https://www.youtube.com/embed/N_u6x7LeyTM","["Alizarin Crimson", "Black Gesso", "Cadmium Yellow", "Dark Sienna", "Midnight Black", "Prussian Blue", "Titanium White", "Van Dyke Brown", "Yellow Ochre"]","["#4E1500", "#000000", "#FFEC00", "#5F2E1F", "#000000", "#021E44", "#FFFFFF", "#221B15", "#C79B00"]","1","0","0","1","1","0","0","0","0","1","0","0","1","0","1","1","1","1","1992-09-08","[object Object]"
"322","330","https://www.twoinchbrush.com/images/painting330.png","Just Before the Storm","25","10","8","https://www.youtube.com/embed/Rh-jKrMrmOA","["Alizarin Crimson", "Cadmium Yellow", "Dark Sienna", "Midnight Black", "Prussian Blue", "Sap Green", "Titanium White", "Van Dyke Brown"]","["#4E1500", "#FFEC00", "#5F2E1F", "#000000", "#021E44", "#0A3410", "#FFFFFF", "#221B15"]","0","0","0","1","1","0","0","0","0","1","0","0","1","1","1","1","0","1","1992-10-27","[object Object]"
"326","334","https://www.twoinchbrush.com/images/painting334.png","In the Stillness of Morning","26","1","10","https://www.youtube.com/embed/5rfGa1_iJpw","["Alizarin Crimson", "Cadmium Yellow", "Dark Sienna", "Indian Yellow", "Midnight Black", "Prussian Blue", "Sap Green", "Titanium White", "Van Dyke Brown", "Yellow Ochre"]","["#4E1500", "#FFEC00", "#5F2E1F", "#FFB800", "#000000", "#021E44", "#0A3410", "#FFFFFF", "#221B15", "#C79B00"]","0","0","0","1","1","0","1","0","0","1","0","0","1","1","1","1","1","1","1992-12-01","[object Object]"
"327","335","https://www.twoinchbrush.com/images/painting335.png","Delightful Meadow Home","26","2","9","https://www.youtube.com/embed/tWoInh2USOs","["Alizarin Crimson", "Bright Red", "Cadmium Yellow", "Indian Yellow", "Midnight Black", "Prussian Blue", "Sap Green", "Titanium White", "Yellow Ochre"]","["#4E1500", "#DB0000", "#FFEC00", "#FFB800", "#000000", "#021E44", "#0A3410", "#FFFFFF", "#C79B00"]","0","1","0","1","0","0","1","0","0","1","0","0","1","1","1","0","1","1","1992-12-08","[object Object]"
"331","339","https://www.twoinchbrush.com/images/painting339.png","An Arctic Winter Day","26","6","6","https://www.youtube.com/embed/9BHWlbjd95c","["Alizarin Crimson", "Dark Sienna", "Midnight Black", "Prussian Blue", "Titanium White", "Van Dyke Brown"]","["#4E1500", "#5F2E1F", "#000000", "#021E44", "#FFFFFF", "#221B15"]","0","0","0","0","1","0","0","0","0","1","0","0","1","0","1","1","0","1","1993-01-05","[object Object]"
"332","340","https://www.twoinchbrush.com/images/painting340.png","Snow Birch","26","7","5","https://www.youtube.com/embed/wKeemvioVrM","["Black Gesso", "Indian Yellow", "Phthalo Blue", "Prussian Blue", "Titanium White"]","["#000000", "#FFB800", "#0C0040", "#021E44", "#FFFFFF"]","1","0","0","0","0","0","1","0","0","0","1","0","1","0","1","0","0","0","1993-01-12","[object Object]"
"336","344","https://www.twoinchbrush.com/images/painting344.png","Storm's A Comin","26","11","10","https://www.youtube.com/embed/EHD9u-lo2wc","["Alizarin Crimson", "Black Gesso", "Bright Red", "Cadmium Yellow", "Dark Sienna", "Midnight Black", "Phthalo Blue", "Phthalo Green", "Titanium White", "Van Dyke Brown"]","["#4E1500", "#000000", "#DB0000", "#FFEC00", "#5F2E1F", "#000000", "#0C0040", "#102E3C", "#FFFFFF", "#221B15"]","1","1","0","1","1","0","0","0","0","1","1","1","0","0","1","1","0","1","","[object Object]"
"338","346","https://www.twoinchbrush.com/images/painting346.png","Evening at the Falls","26","13","7","https://www.youtube.com/embed/RulXVcpgpqw","["Black Gesso", "Cadmium Yellow", "Liquid Clear", "Midnight Black", "Prussian Blue", "Sap Green", "Titanium White"]","["#000000", "#FFEC00", "#FFFFFF", "#000000", "#021E44", "#0A3410", "#FFFFFF"]","1","0","0","1","0","0","0","0","1","1","0","0","1","1","1","0","0","0","1993-02-23","[object Object]"
"339","347","https://www.twoinchbrush.com/images/painting347.png","Twilight Beauty","27","1","11","https://www.youtube.com/embed/0mJqzzeWyXs","["Alizarin Crimson", "Black Gesso", "Bright Red", "Cadmium Yellow", "Dark Sienna", "Indian Yellow", "Liquid Clear", "Midnight Black", "Phthalo Blue", "Titanium White", "Van Dyke Brown"]","["#4E1500", "#000000", "#DB0000", "#FFEC00", "#5F2E1F", "#FFB800", "#FFFFFF", "#000000", "#0C0040", "#FFFFFF", "#221B15"]","1","1","0","1","1","0","1","0","1","1","1","0","0","0","1","1","0","1","1993-03-02","[object Object]"
"340","348","https://www.twoinchbrush.com/images/painting348.png","Angler's Haven","27","2","15","https://www.youtube.com/embed/XlwfcXZ0AIU","["Alizarin Crimson", "Bright Red", "Cadmium Yellow", "Dark Sienna", "Indian Yellow", "Liquid Black", "Liquid Clear", "Midnight Black", "Phthalo Blue", "Phthalo Green", "Prussian Blue", "Sap Green", "Titanium White", "Van Dyke Brown", "Yellow Ochre"]","["#4E1500", "#DB0000", "#FFEC00", "#5F2E1F", "#FFB800", "#000000", "#FFFFFF", "#000000", "#0C0040", "#102E3C", "#021E44", "#0A3410", "#FFFFFF", "#221B15", "#C79B00"]","0","1","0","1","1","0","1","1","1","1","1","1","1","1","1","1","1","1","1993-03-09","[object Object]"
"341","349","https://www.twoinchbrush.com/images/painting349.png","Rustic Winter Woods","27","3","6","https://www.youtube.com/embed/3q8Zi9480lw","["Alizarin Crimson", "Cadmium Yellow", "Indian Yellow", "Midnight Black", "Sap Green", "Titanium White"]","["#4E1500", "#FFEC00", "#FFB800", "#000000", "#0A3410", "#FFFFFF"]","0","0","0","1","0","0","1","0","0","1","0","0","0","1","1","0","0","1","1993-03-16","[object Object]"
"343","351","https://www.twoinchbrush.com/images/painting351.png","Winter at the Farm","27","5","7","https://www.youtube.com/embed/LeIVNKnWz7o","["Alizarin Crimson", "Dark Sienna", "Liquid Clear", "Midnight Black", "Prussian Blue", "Titanium White", "Van Dyke Brown"]","["#4E1500", "#5F2E1F", "#FFFFFF", "#000000", "#021E44", "#FFFFFF", "#221B15"]","0","0","0","0","1","0","0","0","1","1","0","0","1","0","1","1","0","1","1993-03-30","[object Object]"
"344","352","https://www.twoinchbrush.com/images/painting352.png","Daisies at Dawn","27","6","8","https://www.youtube.com/embed/_kkZcIgocBM","["Alizarin Crimson", "Bright Red", "Cadmium Yellow", "Indian Yellow", "Midnight Black", "Sap Green", "Titanium White", "Yellow Ochre"]","["#4E1500", "#DB0000", "#FFEC00", "#FFB800", "#000000", "#0A3410", "#FFFFFF", "#C79B00"]","0","1","0","1","0","0","1","0","0","1","0","0","0","1","1","0","1","1","1993-04-06","[object Object]"
"346","354","https://www.twoinchbrush.com/images/painting354.png","Daybreak","27","8","7","https://www.youtube.com/embed/crWDcTvDmec","["Alizarin Crimson", "Cadmium Yellow", "Dark Sienna", "Midnight Black", "Prussian Blue", "Titanium White", "Van Dyke Brown"]","["#4E1500", "#FFEC00", "#5F2E1F", "#000000", "#021E44", "#FFFFFF", "#221B15"]","0","0","0","1","1","0","0","0","0","1","0","0","1","0","1","1","0","1","1993-04-20","[object Object]"
"347","355","https://www.twoinchbrush.com/images/painting355.png","Island Paradise","27","9","12","https://www.youtube.com/embed/Cg3XAVhAas0","["Alizarin Crimson", "Bright Red", "Cadmium Yellow", "Dark Sienna", "Indian Yellow", "Liquid Clear", "Midnight Black", "Phthalo Blue", "Phthalo Green", "Titanium White", "Van Dyke Brown", "Yellow Ochre"]","["#4E1500", "#DB0000", "#FFEC00", "#5F2E1F", "#FFB800", "#FFFFFF", "#000000", "#0C0040", "#102E3C", "#FFFFFF", "#221B15", "#C79B00"]","0","1","0","1","1","0","1","0","1","1","1","1","0","0","1","1","1","1","1993-04-27","[object Object]"
"348","356","https://www.twoinchbrush.com/images/painting356.png","Sunlight in the Shadows","27","10","7","https://www.youtube.com/embed/xgjQ0v2d9mE","["Alizarin Crimson", "Black Gesso", "Liquid Clear", "Midnight Black", "Titanium White", "Van Dyke Brown", "Yellow Ochre"]","["#4E1500", "#000000", "#FFFFFF", "#000000", "#FFFFFF", "#221B15", "#C79B00"]","1","0","0","0","0","0","0","0","1","1","0","0","0","0","1","1","1","1","1993-05-04","[object Object]"
"349","357","https://www.twoinchbrush.com/images/painting357.png","Splendor of a Snowy Winter","27","11","9","https://www.youtube.com/embed/JdXCoxkOdwQ","["Alizarin Crimson", "Dark Sienna", "Liquid Black", "Liquid Clear", "Midnight Black", "Phthalo Blue", "Prussian Blue", "Titanium White", "Van Dyke Brown"]","["#4E1500", "#5F2E1F", "#000000", "#FFFFFF", "#000000", "#0C0040", "#021E44", "#FFFFFF", "#221B15"]","0","0","0","0","1","0","0","1","1","1","1","0","1","0","1","1","0","1","1993-05-11","[object Object]"
"353","361","https://www.twoinchbrush.com/images/painting361.png","A Warm Winter","28","2","9","https://www.youtube.com/embed/_TTdw3YnXuo","["Alizarin Crimson", "Bright Red", "Cadmium Yellow", "Midnight Black", "Phthalo Blue", "Prussian Blue", "Sap Green", "Titanium White", "Yellow Ochre"]","["#4E1500", "#DB0000", "#FFEC00", "#000000", "#0C0040", "#021E44", "#0A3410", "#FFFFFF", "#C79B00"]","0","1","0","1","0","0","0","0","0","1","1","0","1","1","1","0","1","1","1993-06-01","[object Object]"
"355","363","https://www.twoinchbrush.com/images/painting363.png","Golden Rays of Sunshine","28","4","8","https://www.youtube.com/embed/zxj3xLDNxo0","["Alizarin Crimson", "Black Gesso", "Indian Yellow", "Liquid Clear", "Phthalo Blue", "Prussian Blue", "Sap Green", "Titanium White"]","["#4E1500", "#000000", "#FFB800", "#FFFFFF", "#0C0040", "#021E44", "#0A3410", "#FFFFFF"]","1","0","0","0","0","0","1","0","1","0","1","0","1","1","1","0","0","1","","[object Object]"
"356","364","https://www.twoinchbrush.com/images/painting364.png","The Magic of Fall","28","5","10","https://www.youtube.com/embed/bSm3fmEyJ20","["Alizarin Crimson", "Bright Red", "Cadmium Yellow", "Indian Yellow", "Liquid Clear", "Midnight Black", "Phthalo Blue", "Sap Green", "Titanium White", "Yellow Ochre"]","["#4E1500", "#DB0000", "#FFEC00", "#FFB800", "#FFFFFF", "#000000", "#0C0040", "#0A3410", "#FFFFFF", "#C79B00"]","0","1","0","1","0","0","1","0","1","1","1","0","0","1","1","0","1","1","1993-06-22","[object Object]"
"360","368","https://www.twoinchbrush.com/images/painting368.png","Winter's Grace","28","9","4","https://www.youtube.com/embed/mxJ2On9wyvY","["Midnight Black", "Phthalo Blue", "Prussian Blue", "Titanium White"]","["#000000", "#0C0040", "#021E44", "#FFFFFF"]","0","0","0","0","0","0","0","0","0","1","1","0","1","0","1","0","0","0","1993-07-20","[object Object]"
"362","370","https://www.twoinchbrush.com/images/painting370.png","Tranquil Seas","28","11","11","https://www.youtube.com/embed/kN1DP_yqs-A","["Alizarin Crimson", "Black Gesso", "Bright Red", "Cadmium Yellow", "Indian Yellow", "Midnight Black", "Phthalo Blue", "Phthalo Green", "Sap Green", "Titanium White", "Yellow Ochre"]","["#4E1500", "#000000", "#DB0000", "#FFEC00", "#FFB800", "#000000", "#0C0040", "#102E3C", "#0A3410", "#FFFFFF", "#C79B00"]","1","1","0","1","0","0","1","0","0","1","1","1","0","1","1","0","1","1","1993-08-03","[object Object]"
"364","372","https://www.twoinchbrush.com/images/painting372.png","Home Before Nightfall","28","13","8","https://www.youtube.com/embed/22SiIDvyJeM","["Alizarin Crimson", "Bright Red", "Cadmium Yellow", "Midnight Black", "Phthalo Blue", "Sap Green", "Titanium White", "Yellow Ochre"]","["#4E1500", "#DB0000", "#FFEC00", "#000000", "#0C0040", "#0A3410", "#FFFFFF", "#C79B00"]","0","1","0","1","0","0","0","0","0","1","1","0","0","1","1","0","1","1","1993-08-17","[object Object]"
"366","374","https://www.twoinchbrush.com/images/painting374.png","Autumn Oval","29","2","10","https://www.youtube.com/embed/2XnIdinwot0","["Alizarin Crimson", "Bright Red", "Cadmium Yellow", "Dark Sienna", "Indian Yellow", "Midnight Black", "Sap Green", "Titanium White", "Van Dyke Brown", "Yellow Ochre"]","["#4E1500", "#DB0000", "#FFEC00", "#5F2E1F", "#FFB800", "#000000", "#0A3410", "#FFFFFF", "#221B15", "#C79B00"]","0","1","0","1","1","0","1","0","0","1","0","0","0","1","1","1","1","1","1993-08-31","[object Object]"
"370","378","https://www.twoinchbrush.com/images/painting378.png","Mountain Lake Falls","29","6","9","https://www.youtube.com/embed/dNEp3hoHSDI","["Alizarin Crimson", "Cadmium Yellow", "Midnight Black", "Phthalo Blue", "Phthalo Green", "Prussian Blue", "Sap Green", "Titanium White", "Van Dyke Brown"]","["#4E1500", "#FFEC00", "#000000", "#0C0040", "#102E3C", "#021E44", "#0A3410", "#FFFFFF", "#221B15"]","0","0","0","1","0","0","0","0","0","1","1","1","1","1","1","1","0","1","1993-09-28","[object Object]"
"371","379","https://www.twoinchbrush.com/images/painting379.png","Cypress Creek","29","7","11","https://www.youtube.com/embed/Tnb2cXKKuWM","["Alizarin Crimson", "Black Gesso", "Bright Red", "Cadmium Yellow", "Dark Sienna", "Indian Yellow", "Midnight Black", "Sap Green", "Titanium White", "Van Dyke Brown", "Yellow Ochre"]","["#4E1500", "#000000", "#DB0000", "#FFEC00", "#5F2E1F", "#FFB800", "#000000", "#0A3410", "#FFFFFF", "#221B15", "#C79B00"]","1","1","0","1","1","0","1","0","0","1","0","0","0","1","1","1","1","1","1993-10-05","[object Object]"
"373","381","https://www.twoinchbrush.com/images/painting381.png","Storm on the Horizon","29","9","9","https://www.youtube.com/embed/pA_2paUhBAQ","["Alizarin Crimson", "Bright Red", "Dark Sienna", "Midnight Black", "Phthalo Blue", "Sap Green", "Titanium White", "Van Dyke Brown", "Yellow Ochre"]","["#4E1500", "#DB0000", "#5F2E1F", "#000000", "#0C0040", "#0A3410", "#FFFFFF", "#221B15", "#C79B00"]","0","1","0","0","1","0","0","0","0","1","1","0","0","1","1","1","1","1","1993-10-19","[object Object]"
"374","382","https://www.twoinchbrush.com/images/painting382.png","Pot O' Posies","29","10","6","https://www.youtube.com/embed/2zv_S_uVoVQ","["Alizarin Crimson", "Black Gesso", "Bright Red", "Midnight Black", "Prussian Blue", "Sap Green"]","["#4E1500", "#000000", "#DB0000", "#000000", "#021E44", "#0A3410"]","1","1","0","0","0","0","0","0","0","1","0","0","1","1","0","0","0","1","1993-10-26","[object Object]"
"376","384","https://www.twoinchbrush.com/images/painting384.png","Aurora's Dance","29","12","9","https://www.youtube.com/embed/iRMsb9Vf7GM","["Alizarin Crimson", "Dark Sienna", "Liquid Clear", "Midnight Black", "Phthalo Blue", "Phthalo Green", "Prussian Blue", "Titanium White", "Van Dyke Brown"]","["#4E1500", "#5F2E1F", "#FFFFFF", "#000000", "#0C0040", "#102E3C", "#021E44", "#FFFFFF", "#221B15"]","0","0","0","0","1","0","0","0","1","1","1","1","1","0","1","1","0","1","1993-11-09","[object Object]"
"379","387","https://www.twoinchbrush.com/images/painting387.png","Woodgrain View","30","2","13","https://www.youtube.com/embed/fcx1yUuSf3o","["Alizarin Crimson", "Black Gesso", "Bright Red", "Cadmium Yellow", "Dark Sienna", "Indian Yellow", "Liquid Clear", "Midnight Black", "Prussian Blue", "Sap Green", "Titanium White", "Van Dyke Brown", "Yellow Ochre"]","["#4E1500", "#000000", "#DB0000", "#FFEC00", "#5F2E1F", "#FFB800", "#FFFFFF", "#000000", "#021E44", "#0A3410", "#FFFFFF", "#221B15", "#C79B00"]","1","1","0","1","1","0","1","0","1","1","0","0","1","1","1","1","1","1","1993-11-30","[object Object]"
"380","388","https://www.twoinchbrush.com/images/painting388.png","Winter's Peace","30","3","10","https://www.youtube.com/embed/Xzv3iiWi1Wo","["Alizarin Crimson", "Bright Red", "Dark Sienna", "Indian Yellow", "Midnight Black", "Phthalo Blue", "Prussian Blue", "Titanium White", "Van Dyke Brown", "Yellow Ochre"]","["#4E1500", "#DB0000", "#5F2E1F", "#FFB800", "#000000", "#0C0040", "#021E44", "#FFFFFF", "#221B15", "#C79B00"]","0","1","0","0","1","0","1","0","0","1","1","0","1","0","1","1","1","1","1993-12-07","[object Object]"
"386","394","https://www.twoinchbrush.com/images/painting394.png","Mountains of Grace","30","9","11","https://www.youtube.com/embed/nXlu_Q0sR7c","["Alizarin Crimson", "Bright Red", "Cadmium Yellow", "Dark Sienna", "Midnight Black", "Phthalo Blue", "Prussian Blue", "Sap Green", "Titanium White", "Van Dyke Brown", "Yellow Ochre"]","["#4E1500", "#DB0000", "#FFEC00", "#5F2E1F", "#000000", "#0C0040", "#021E44", "#0A3410", "#FFFFFF", "#221B15", "#C79B00"]","0","1","0","1","1","0","0","0","0","1","1","0","1","1","1","1","1","1","","[object Object]"
"387","395","https://www.twoinchbrush.com/images/painting395.png","Seaside Harmony","30","10","12","https://www.youtube.com/embed/CY6sGFs209E","["Alizarin Crimson", "Black Gesso", "Cadmium Yellow", "Dark Sienna", "Indian Yellow", "Liquid Clear", "Midnight Black", "Phthalo Blue", "Prussian Blue", "Sap Green", "Titanium White", "Van Dyke Brown"]","["#4E1500", "#000000", "#FFEC00", "#5F2E1F", "#FFB800", "#FFFFFF", "#000000", "#0C0040", "#021E44", "#0A3410", "#FFFFFF", "#221B15"]","1","0","0","1","1","0","1","0","1","1","1","0","1","1","1","1","0","1","1994-01-25","[object Object]"
"398","406","https://www.twoinchbrush.com/images/painting406.png","Trail's End","31","8","10","https://www.youtube.com/embed/XWQrP-WiLgc","["Alizarin Crimson", "Black Gesso", "Dark Sienna", "Liquid Clear", "Midnight Black", "Phthalo Blue", "Sap Green", "Titanium White", "Van Dyke Brown", "Yellow Ochre"]","["#4E1500", "#000000", "#5F2E1F", "#FFFFFF", "#000000", "#0C0040", "#0A3410", "#FFFFFF", "#221B15", "#C79B00"]","1","0","0","0","1","0","0","0","1","1","1","0","0","1","1","1","1","1","1994-04-12","[object Object]"
"400","408","https://www.twoinchbrush.com/images/painting408.png","Balmy Beach","31","10","13","https://www.youtube.com/embed/kMgd6r6c4vE","["Alizarin Crimson", "Black Gesso", "Bright Red", "Cadmium Yellow", "Dark Sienna", "Indian Yellow", "Liquid Clear", "Midnight Black", "Phthalo Blue", "Phthalo Green", "Titanium White", "Van Dyke Brown", "Yellow Ochre"]","["#4E1500", "#000000", "#DB0000", "#FFEC00", "#5F2E1F", "#FFB800", "#FFFFFF", "#000000", "#0C0040", "#102E3C", "#FFFFFF", "#221B15", "#C79B00"]","1","1","0","1","1","0","1","0","1","1","1","1","0","0","1","1","1","1","1994-04-26","[object Object]"